nuts_code,region_name_policy,year,program_name,hh_size,guaranteed_amount,max_amount,source_year,assumption_no_change,assumption_note,source_amount,notes_amount,schedule_included_main_baseline
ES61,Andalusia,2017,Ingreso Mínimo de Solidaridad,1,406.22,655.2,2017,True,2017 parameters carried forward to 2018-2019,Dato sulla RMI 2017.pdf - Cuadro 2,,True
ES61,Andalusia,2018,Ingreso Mínimo de Solidaridad,1,406.22,655.2,2017,True,2017 parameters carried forward to 2018-2019,Dato sulla RMI 2017.pdf - Cuadro 2,,True
ES61,Andalusia,2019,Ingreso Mínimo de Solidaridad,1,406.22,655.2,2017,True,2017 parameters carried forward to 2018-2019,Dato sulla RMI 2017.pdf - Cuadro 2,,True
ES61,Andalusia,2017,Ingreso Mínimo de Solidaridad,2,406.22,655.2,2017,True,2017 parameters carried forward to 2018-2019,Dato sulla RMI 2017.pdf - Cuadro 2,,True
ES61,Andalusia,2018,Ingreso Mínimo de Solidaridad,2,406.22,655.2,2017,True,2017 parameters carried forward to 2018-2019,Dato sulla RMI 2017.pdf - Cuadro 2,,True
ES61,Andalusia,2019,Ingreso Mínimo de Solidaridad,2,406.22,655.2,2017,True,2017 parameters carried forward to 2018-2019,Dato sulla RMI 2017.pdf - Cuadro 2,,True
ES61,Andalusia,2017,Ingreso Mínimo de Solidaridad,3,458.64,655.2,2017,True,2017 parameters carried forward to 2018-2019,Dato sulla RMI 2017.pdf - Cuadro 2,,True
ES61,Andalusia,2018,Ingreso Mínimo de Solidaridad,3,458.64,655.2,2017,True,2017 parameters carried forward to 2018-2019,Dato sulla RMI 2017.pdf - Cuadro 2,,True
ES61,Andalusia,2019,Ingreso Mínimo de Solidaridad,3,458.64,655.2,2017,True,2017 parameters carried forward to 2018-2019,Dato sulla RMI 2017.pdf - Cuadro 2,,True
ES61,Andalusia,2017,Ingreso Mínimo de Solidaridad,4,511.06,655.2,2017,True,2017 parameters carried forward to 2018-2019,Dato sulla RMI 2017.pdf - Cuadro 2,,True
ES61,Andalusia,2018,Ingreso Mínimo de Solidaridad,4,511.06,655.2,2017,True,2017 parameters carried forward to 2018-2019,Dato sulla RMI 2017.pdf - Cuadro 2,,True
ES61,Andalusia,2019,Ingreso Mínimo de Solidaridad,4,511.06,655.2,2017,True,2017 parameters carried forward to 2018-2019,Dato sulla RMI 2017.pdf - Cuadro 2,,True
ES61,Andalusia,2017,Ingreso Mínimo de Solidaridad,5,563.48,655.2,2017,True,2017 parameters carried forward to 2018-2019,Dato sulla RMI 2017.pdf - Cuadro 2,,True
ES61,Andalusia,2018,Ingreso Mínimo de Solidaridad,5,563.48,655.2,2017,True,2017 parameters carried forward to 2018-2019,Dato sulla RMI 2017.pdf - Cuadro 2,,True
ES61,Andalusia,2019,Ingreso Mínimo de Solidaridad,5,563.48,655.2,2017,True,2017 parameters carried forward to 2018-2019,Dato sulla RMI 2017.pdf - Cuadro 2,,True
ES61,Andalusia,2017,Ingreso Mínimo de Solidaridad,6,615.9,655.2,2017,True,2017 parameters carried forward to 2018-2019,Dato sulla RMI 2017.pdf - Cuadro 2,,True
ES61,Andalusia,2018,Ingreso Mínimo de Solidaridad,6,615.9,655.2,2017,True,2017 parameters carried forward to 2018-2019,Dato sulla RMI 2017.pdf - Cuadro 2,,True
ES61,Andalusia,2019,Ingreso Mínimo de Solidaridad,6,615.9,655.2,2017,True,2017 parameters carried forward to 2018-2019,Dato sulla RMI 2017.pdf - Cuadro 2,,True
ES61,Andalusia,2017,Ingreso Mínimo de Solidaridad,7,655.2,655.2,2017,True,2017 parameters carried forward to 2018-2019,Dato sulla RMI 2017.pdf - Cuadro 2,,True
ES61,Andalusia,2018,Ingreso Mínimo de Solidaridad,7,655.2,655.2,2017,True,2017 parameters carried forward to 2018-2019,Dato sulla RMI 2017.pdf - Cuadro 2,,True
ES61,Andalusia,2019,Ingreso Mínimo de Solidaridad,7,655.2,655.2,2017,True,2017 parameters carried forward to 2018-2019,Dato sulla RMI 2017.pdf - Cuadro 2,,True
ES24,Aragon,2017,Ingreso Aragonés de Inserción,1,472.0,896.8,2017,True,2017 parameters carried forward to 2018-2019,Dato sulla RMI 2017.pdf - Cuadro 2,Apply cap at 896.80,True
ES24,Aragon,2018,Ingreso Aragonés de Inserción,1,472.0,896.8,2017,True,2017 parameters carried forward to 2018-2019,Dato sulla RMI 2017.pdf - Cuadro 2,Apply cap at 896.80,True
ES24,Aragon,2019,Ingreso Aragonés de Inserción,1,472.0,896.8,2017,True,2017 parameters carried forward to 2018-2019,Dato sulla RMI 2017.pdf - Cuadro 2,Apply cap at 896.80,True
ES24,Aragon,2017,Ingreso Aragonés de Inserción,2,613.6,896.8,2017,True,2017 parameters carried forward to 2018-2019,Dato sulla RMI 2017.pdf - Cuadro 2,Apply cap at 896.80,True
ES24,Aragon,2018,Ingreso Aragonés de Inserción,2,613.6,896.8,2017,True,2017 parameters carried forward to 2018-2019,Dato sulla RMI 2017.pdf - Cuadro 2,Apply cap at 896.80,True
ES24,Aragon,2019,Ingreso Aragonés de Inserción,2,613.6,896.8,2017,True,2017 parameters carried forward to 2018-2019,Dato sulla RMI 2017.pdf - Cuadro 2,Apply cap at 896.80,True
ES24,Aragon,2017,Ingreso Aragonés de Inserción,3,708.0,896.8,2017,True,2017 parameters carried forward to 2018-2019,Dato sulla RMI 2017.pdf - Cuadro 2,Apply cap at 896.80,True
ES24,Aragon,2018,Ingreso Aragonés de Inserción,3,708.0,896.8,2017,True,2017 parameters carried forward to 2018-2019,Dato sulla RMI 2017.pdf - Cuadro 2,Apply cap at 896.80,True
ES24,Aragon,2019,Ingreso Aragonés de Inserción,3,708.0,896.8,2017,True,2017 parameters carried forward to 2018-2019,Dato sulla RMI 2017.pdf - Cuadro 2,Apply cap at 896.80,True
ES24,Aragon,2017,Ingreso Aragonés de Inserción,4,802.4,896.8,2017,True,2017 parameters carried forward to 2018-2019,Dato sulla RMI 2017.pdf - Cuadro 2,Apply cap at 896.80,True
ES24,Aragon,2018,Ingreso Aragonés de Inserción,4,802.4,896.8,2017,True,2017 parameters carried forward to 2018-2019,Dato sulla RMI 2017.pdf - Cuadro 2,Apply cap at 896.80,True
ES24,Aragon,2019,Ingreso Aragonés de Inserción,4,802.4,896.8,2017,True,2017 parameters carried forward to 2018-2019,Dato sulla RMI 2017.pdf - Cuadro 2,Apply cap at 896.80,True
ES24,Aragon,2017,Ingreso Aragonés de Inserción,5,849.6,896.8,2017,True,2017 parameters carried forward to 2018-2019,Dato sulla RMI 2017.pdf - Cuadro 2,Apply cap at 896.80,True
ES24,Aragon,2018,Ingreso Aragonés de Inserción,5,849.6,896.8,2017,True,2017 parameters carried forward to 2018-2019,Dato sulla RMI 2017.pdf - Cuadro 2,Apply cap at 896.80,True
ES24,Aragon,2019,Ingreso Aragonés de Inserción,5,849.6,896.8,2017,True,2017 parameters carried forward to 2018-2019,Dato sulla RMI 2017.pdf - Cuadro 2,Apply cap at 896.80,True
ES24,Aragon,2017,Ingreso Aragonés de Inserción,6,896.8,896.8,2017,True,2017 parameters carried forward to 2018-2019,Dato sulla RMI 2017.pdf - Cuadro 2,Apply cap at 896.80,True
ES24,Aragon,2018,Ingreso Aragonés de Inserción,6,896.8,896.8,2017,True,2017 parameters carried forward to 2018-2019,Dato sulla RMI 2017.pdf - Cuadro 2,Apply cap at 896.80,True
ES24,Aragon,2019,Ingreso Aragonés de Inserción,6,896.8,896.8,2017,True,2017 parameters carried forward to 2018-2019,Dato sulla RMI 2017.pdf - Cuadro 2,Apply cap at 896.80,True
ES12,Asturias,2017,Salario Social Básico,1,442.96,730.88,2017,True,2017 parameters carried forward to 2018-2019,Dato sulla RMI 2017.pdf - Cuadro 2,Report also mentions 5% increase in some disability/dependency cases,True
ES12,Asturias,2018,Salario Social Básico,1,442.96,730.88,2017,True,2017 parameters carried forward to 2018-2019,Dato sulla RMI 2017.pdf - Cuadro 2,Report also mentions 5% increase in some disability/dependency cases,True
ES12,Asturias,2019,Salario Social Básico,1,442.96,730.88,2017,True,2017 parameters carried forward to 2018-2019,Dato sulla RMI 2017.pdf - Cuadro 2,Report also mentions 5% increase in some disability/dependency cases,True
ES12,Asturias,2017,Salario Social Básico,2,540.41,730.88,2017,True,2017 parameters carried forward to 2018-2019,Dato sulla RMI 2017.pdf - Cuadro 2,Report also mentions 5% increase in some disability/dependency cases,True
ES12,Asturias,2018,Salario Social Básico,2,540.41,730.88,2017,True,2017 parameters carried forward to 2018-2019,Dato sulla RMI 2017.pdf - Cuadro 2,Report also mentions 5% increase in some disability/dependency cases,True
ES12,Asturias,2019,Salario Social Básico,2,540.41,730.88,2017,True,2017 parameters carried forward to 2018-2019,Dato sulla RMI 2017.pdf - Cuadro 2,Report also mentions 5% increase in some disability/dependency cases,True
ES12,Asturias,2017,Salario Social Básico,3,611.28,730.88,2017,True,2017 parameters carried forward to 2018-2019,Dato sulla RMI 2017.pdf - Cuadro 2,Report also mentions 5% increase in some disability/dependency cases,True
ES12,Asturias,2018,Salario Social Básico,3,611.28,730.88,2017,True,2017 parameters carried forward to 2018-2019,Dato sulla RMI 2017.pdf - Cuadro 2,Report also mentions 5% increase in some disability/dependency cases,True
ES12,Asturias,2019,Salario Social Básico,3,611.28,730.88,2017,True,2017 parameters carried forward to 2018-2019,Dato sulla RMI 2017.pdf - Cuadro 2,Report also mentions 5% increase in some disability/dependency cases,True
ES12,Asturias,2017,Salario Social Básico,4,682.14,730.88,2017,True,2017 parameters carried forward to 2018-2019,Dato sulla RMI 2017.pdf - Cuadro 2,Report also mentions 5% increase in some disability/dependency cases,True
ES12,Asturias,2018,Salario Social Básico,4,682.14,730.88,2017,True,2017 parameters carried forward to 2018-2019,Dato sulla RMI 2017.pdf - Cuadro 2,Report also mentions 5% increase in some disability/dependency cases,True
ES12,Asturias,2019,Salario Social Básico,4,682.14,730.88,2017,True,2017 parameters carried forward to 2018-2019,Dato sulla RMI 2017.pdf - Cuadro 2,Report also mentions 5% increase in some disability/dependency cases,True
ES12,Asturias,2017,Salario Social Básico,5,713.16,730.88,2017,True,2017 parameters carried forward to 2018-2019,Dato sulla RMI 2017.pdf - Cuadro 2,Report also mentions 5% increase in some disability/dependency cases,True
ES12,Asturias,2018,Salario Social Básico,5,713.16,730.88,2017,True,2017 parameters carried forward to 2018-2019,Dato sulla RMI 2017.pdf - Cuadro 2,Report also mentions 5% increase in some disability/dependency cases,True
ES12,Asturias,2019,Salario Social Básico,5,713.16,730.88,2017,True,2017 parameters carried forward to 2018-2019,Dato sulla RMI 2017.pdf - Cuadro 2,Report also mentions 5% increase in some disability/dependency cases,True
ES12,Asturias,2017,Salario Social Básico,6,730.88,730.88,2017,True,2017 parameters carried forward to 2018-2019,Dato sulla RMI 2017.pdf - Cuadro 2,Report also mentions 5% increase in some disability/dependency cases,True
ES12,Asturias,2018,Salario Social Básico,6,730.88,730.88,2017,True,2017 parameters carried forward to 2018-2019,Dato sulla RMI 2017.pdf - Cuadro 2,Report also mentions 5% increase in some disability/dependency cases,True
ES12,Asturias,2019,Salario Social Básico,6,730.88,730.88,2017,True,2017 parameters carried forward to 2018-2019,Dato sulla RMI 2017.pdf - Cuadro 2,Report also mentions 5% increase in some disability/dependency cases,True
ES53,Balearic Islands,2017,Renta Social Garantizada,1,430.36,776.58,2017,True,2017 parameters carried forward to 2018-2019,Dato sulla RMI 2017.pdf - Cuadro 2 / Cuadro 13 notes,2017 coexistence with RMI; using later 2017 guaranteed-income regime by assumption,True
ES53,Balearic Islands,2018,Renta Social Garantizada,1,430.36,776.58,2017,True,2017 parameters carried forward to 2018-2019,Dato sulla RMI 2017.pdf - Cuadro 2 / Cuadro 13 notes,2017 coexistence with RMI; using later 2017 guaranteed-income regime by assumption,True
ES53,Balearic Islands,2019,Renta Social Garantizada,1,430.36,776.58,2017,True,2017 parameters carried forward to 2018-2019,Dato sulla RMI 2017.pdf - Cuadro 2 / Cuadro 13 notes,2017 coexistence with RMI; using later 2017 guaranteed-income regime by assumption,True
ES53,Balearic Islands,2017,Renta Social Garantizada,2,430.36,776.58,2017,True,2017 parameters carried forward to 2018-2019,Dato sulla RMI 2017.pdf - Cuadro 2 / Cuadro 13 notes,2017 coexistence with RMI; using later 2017 guaranteed-income regime by assumption,True
ES53,Balearic Islands,2018,Renta Social Garantizada,2,430.36,776.58,2017,True,2017 parameters carried forward to 2018-2019,Dato sulla RMI 2017.pdf - Cuadro 2 / Cuadro 13 notes,2017 coexistence with RMI; using later 2017 guaranteed-income regime by assumption,True
ES53,Balearic Islands,2019,Renta Social Garantizada,2,430.36,776.58,2017,True,2017 parameters carried forward to 2018-2019,Dato sulla RMI 2017.pdf - Cuadro 2 / Cuadro 13 notes,2017 coexistence with RMI; using later 2017 guaranteed-income regime by assumption,True
ES53,Balearic Islands,2017,Renta Social Garantizada,3,559.47,776.58,2017,True,2017 parameters carried forward to 2018-2019,Dato sulla RMI 2017.pdf - Cuadro 2 / Cuadro 13 notes,2017 coexistence with RMI; using later 2017 guaranteed-income regime by assumption,True
ES53,Balearic Islands,2018,Renta Social Garantizada,3,559.47,776.58,2017,True,2017 parameters carried forward to 2018-2019,Dato sulla RMI 2017.pdf - Cuadro 2 / Cuadro 13 notes,2017 coexistence with RMI; using later 2017 guaranteed-income regime by assumption,True
ES53,Balearic Islands,2019,Renta Social Garantizada,3,559.47,776.58,2017,True,2017 parameters carried forward to 2018-2019,Dato sulla RMI 2017.pdf - Cuadro 2 / Cuadro 13 notes,2017 coexistence with RMI; using later 2017 guaranteed-income regime by assumption,True
ES53,Balearic Islands,2017,Renta Social Garantizada,4,645.54,776.58,2017,True,2017 parameters carried forward to 2018-2019,Dato sulla RMI 2017.pdf - Cuadro 2 / Cuadro 13 notes,2017 coexistence with RMI; using later 2017 guaranteed-income regime by assumption,True
ES53,Balearic Islands,2018,Renta Social Garantizada,4,645.54,776.58,2017,True,2017 parameters carried forward to 2018-2019,Dato sulla RMI 2017.pdf - Cuadro 2 / Cuadro 13 notes,2017 coexistence with RMI; using later 2017 guaranteed-income regime by assumption,True
ES53,Balearic Islands,2019,Renta Social Garantizada,4,645.54,776.58,2017,True,2017 parameters carried forward to 2018-2019,Dato sulla RMI 2017.pdf - Cuadro 2 / Cuadro 13 notes,2017 coexistence with RMI; using later 2017 guaranteed-income regime by assumption,True
ES53,Balearic Islands,2017,Renta Social Garantizada,5,688.58,776.58,2017,True,2017 parameters carried forward to 2018-2019,Dato sulla RMI 2017.pdf - Cuadro 2 / Cuadro 13 notes,2017 coexistence with RMI; using later 2017 guaranteed-income regime by assumption,True
ES53,Balearic Islands,2018,Renta Social Garantizada,5,688.58,776.58,2017,True,2017 parameters carried forward to 2018-2019,Dato sulla RMI 2017.pdf - Cuadro 2 / Cuadro 13 notes,2017 coexistence with RMI; using later 2017 guaranteed-income regime by assumption,True
ES53,Balearic Islands,2019,Renta Social Garantizada,5,688.58,776.58,2017,True,2017 parameters carried forward to 2018-2019,Dato sulla RMI 2017.pdf - Cuadro 2 / Cuadro 13 notes,2017 coexistence with RMI; using later 2017 guaranteed-income regime by assumption,True
ES53,Balearic Islands,2017,Renta Social Garantizada,6,731.61,776.58,2017,True,2017 parameters carried forward to 2018-2019,Dato sulla RMI 2017.pdf - Cuadro 2 / Cuadro 13 notes,2017 coexistence with RMI; using later 2017 guaranteed-income regime by assumption,True
ES53,Balearic Islands,2018,Renta Social Garantizada,6,731.61,776.58,2017,True,2017 parameters carried forward to 2018-2019,Dato sulla RMI 2017.pdf - Cuadro 2 / Cuadro 13 notes,2017 coexistence with RMI; using later 2017 guaranteed-income regime by assumption,True
ES53,Balearic Islands,2019,Renta Social Garantizada,6,731.61,776.58,2017,True,2017 parameters carried forward to 2018-2019,Dato sulla RMI 2017.pdf - Cuadro 2 / Cuadro 13 notes,2017 coexistence with RMI; using later 2017 guaranteed-income regime by assumption,True
ES53,Balearic Islands,2017,Renta Social Garantizada,7,774.65,776.58,2017,True,2017 parameters carried forward to 2018-2019,Dato sulla RMI 2017.pdf - Cuadro 2 / Cuadro 13 notes,2017 coexistence with RMI; using later 2017 guaranteed-income regime by assumption,True
ES53,Balearic Islands,2018,Renta Social Garantizada,7,774.65,776.58,2017,True,2017 parameters carried forward to 2018-2019,Dato sulla RMI 2017.pdf - Cuadro 2 / Cuadro 13 notes,2017 coexistence with RMI; using later 2017 guaranteed-income regime by assumption,True
ES53,Balearic Islands,2019,Renta Social Garantizada,7,774.65,776.58,2017,True,2017 parameters carried forward to 2018-2019,Dato sulla RMI 2017.pdf - Cuadro 2 / Cuadro 13 notes,2017 coexistence with RMI; using later 2017 guaranteed-income regime by assumption,True
ES70,Canary Islands,2017,Prestación Canaria de Inserción,1,476.88,665.13,2017,True,2017 parameters carried forward to 2018-2019,Dato sulla RMI 2017.pdf - Cuadro 2,Unidad convivencial; all employable members must be registered as jobseekers.,True
ES70,Canary Islands,2018,Prestación Canaria de Inserción,1,476.88,665.13,2017,True,2017 parameters carried forward to 2018-2019,Dato sulla RMI 2017.pdf - Cuadro 2,Unidad convivencial; all employable members must be registered as jobseekers.,True
ES70,Canary Islands,2019,Prestación Canaria de Inserción,1,476.88,665.13,2017,True,2017 parameters carried forward to 2018-2019,Dato sulla RMI 2017.pdf - Cuadro 2,Unidad convivencial; all employable members must be registered as jobseekers.,True
ES70,Canary Islands,2017,Prestación Canaria de Inserción,2,476.88,665.13,2017,True,2017 parameters carried forward to 2018-2019,Dato sulla RMI 2017.pdf - Cuadro 2,Unidad convivencial; all employable members must be registered as jobseekers.,True
ES70,Canary Islands,2018,Prestación Canaria de Inserción,2,476.88,665.13,2017,True,2017 parameters carried forward to 2018-2019,Dato sulla RMI 2017.pdf - Cuadro 2,Unidad convivencial; all employable members must be registered as jobseekers.,True
ES70,Canary Islands,2019,Prestación Canaria de Inserción,2,476.88,665.13,2017,True,2017 parameters carried forward to 2018-2019,Dato sulla RMI 2017.pdf - Cuadro 2,Unidad convivencial; all employable members must be registered as jobseekers.,True
ES70,Canary Islands,2017,Prestación Canaria de Inserción,3,539.63,665.13,2017,True,2017 parameters carried forward to 2018-2019,Dato sulla RMI 2017.pdf - Cuadro 2,Unidad convivencial; all employable members must be registered as jobseekers.,True
ES70,Canary Islands,2018,Prestación Canaria de Inserción,3,539.63,665.13,2017,True,2017 parameters carried forward to 2018-2019,Dato sulla RMI 2017.pdf - Cuadro 2,Unidad convivencial; all employable members must be registered as jobseekers.,True
ES70,Canary Islands,2019,Prestación Canaria de Inserción,3,539.63,665.13,2017,True,2017 parameters carried forward to 2018-2019,Dato sulla RMI 2017.pdf - Cuadro 2,Unidad convivencial; all employable members must be registered as jobseekers.,True
ES70,Canary Islands,2017,Prestación Canaria de Inserción,4,589.83,665.13,2017,True,2017 parameters carried forward to 2018-2019,Dato sulla RMI 2017.pdf - Cuadro 2,Unidad convivencial; all employable members must be registered as jobseekers.,True
ES70,Canary Islands,2018,Prestación Canaria de Inserción,4,589.83,665.13,2017,True,2017 parameters carried forward to 2018-2019,Dato sulla RMI 2017.pdf - Cuadro 2,Unidad convivencial; all employable members must be registered as jobseekers.,True
ES70,Canary Islands,2019,Prestación Canaria de Inserción,4,589.83,665.13,2017,True,2017 parameters carried forward to 2018-2019,Dato sulla RMI 2017.pdf - Cuadro 2,Unidad convivencial; all employable members must be registered as jobseekers.,True
ES70,Canary Islands,2017,Prestación Canaria de Inserción,5,621.2,665.13,2017,True,2017 parameters carried forward to 2018-2019,Dato sulla RMI 2017.pdf - Cuadro 2,Unidad convivencial; all employable members must be registered as jobseekers.,True
ES70,Canary Islands,2018,Prestación Canaria de Inserción,5,621.2,665.13,2017,True,2017 parameters carried forward to 2018-2019,Dato sulla RMI 2017.pdf - Cuadro 2,Unidad convivencial; all employable members must be registered as jobseekers.,True
ES70,Canary Islands,2019,Prestación Canaria de Inserción,5,621.2,665.13,2017,True,2017 parameters carried forward to 2018-2019,Dato sulla RMI 2017.pdf - Cuadro 2,Unidad convivencial; all employable members must be registered as jobseekers.,True
ES70,Canary Islands,2017,Prestación Canaria de Inserción,6,646.3,665.13,2017,True,2017 parameters carried forward to 2018-2019,Dato sulla RMI 2017.pdf - Cuadro 2,Unidad convivencial; all employable members must be registered as jobseekers.,True
ES70,Canary Islands,2018,Prestación Canaria de Inserción,6,646.3,665.13,2017,True,2017 parameters carried forward to 2018-2019,Dato sulla RMI 2017.pdf - Cuadro 2,Unidad convivencial; all employable members must be registered as jobseekers.,True
ES70,Canary Islands,2019,Prestación Canaria de Inserción,6,646.3,665.13,2017,True,2017 parameters carried forward to 2018-2019,Dato sulla RMI 2017.pdf - Cuadro 2,Unidad convivencial; all employable members must be registered as jobseekers.,True
ES70,Canary Islands,2017,Prestación Canaria de Inserción,7,665.13,665.13,2017,True,2017 parameters carried forward to 2018-2019,Dato sulla RMI 2017.pdf - Cuadro 2,Unidad convivencial; all employable members must be registered as jobseekers.,True
ES70,Canary Islands,2018,Prestación Canaria de Inserción,7,665.13,665.13,2017,True,2017 parameters carried forward to 2018-2019,Dato sulla RMI 2017.pdf - Cuadro 2,Unidad convivencial; all employable members must be registered as jobseekers.,True
ES70,Canary Islands,2019,Prestación Canaria de Inserción,7,665.13,665.13,2017,True,2017 parameters carried forward to 2018-2019,Dato sulla RMI 2017.pdf - Cuadro 2,Unidad convivencial; all employable members must be registered as jobseekers.,True
ES13,Cantabria,2017,Renta Social Básica,1,430.27,672.3,2017,True,2017 parameters carried forward to 2018-2019,Dato sulla RMI 2017.pdf - Cuadro 2,Later 2017 values after update,True
ES13,Cantabria,2018,Renta Social Básica,1,430.27,672.3,2017,True,2017 parameters carried forward to 2018-2019,Dato sulla RMI 2017.pdf - Cuadro 2,Later 2017 values after update,True
ES13,Cantabria,2019,Renta Social Básica,1,430.27,672.3,2017,True,2017 parameters carried forward to 2018-2019,Dato sulla RMI 2017.pdf - Cuadro 2,Later 2017 values after update,True
ES13,Cantabria,2017,Renta Social Básica,2,430.27,672.3,2017,True,2017 parameters carried forward to 2018-2019,Dato sulla RMI 2017.pdf - Cuadro 2,Later 2017 values after update,True
ES13,Cantabria,2018,Renta Social Básica,2,430.27,672.3,2017,True,2017 parameters carried forward to 2018-2019,Dato sulla RMI 2017.pdf - Cuadro 2,Later 2017 values after update,True
ES13,Cantabria,2019,Renta Social Básica,2,430.27,672.3,2017,True,2017 parameters carried forward to 2018-2019,Dato sulla RMI 2017.pdf - Cuadro 2,Later 2017 values after update,True
ES13,Cantabria,2017,Renta Social Básica,3,537.84,672.3,2017,True,2017 parameters carried forward to 2018-2019,Dato sulla RMI 2017.pdf - Cuadro 2,Later 2017 values after update,True
ES13,Cantabria,2018,Renta Social Básica,3,537.84,672.3,2017,True,2017 parameters carried forward to 2018-2019,Dato sulla RMI 2017.pdf - Cuadro 2,Later 2017 values after update,True
ES13,Cantabria,2019,Renta Social Básica,3,537.84,672.3,2017,True,2017 parameters carried forward to 2018-2019,Dato sulla RMI 2017.pdf - Cuadro 2,Later 2017 values after update,True
ES13,Cantabria,2017,Renta Social Básica,4,591.63,672.3,2017,True,2017 parameters carried forward to 2018-2019,Dato sulla RMI 2017.pdf - Cuadro 2,Later 2017 values after update,True
ES13,Cantabria,2018,Renta Social Básica,4,591.63,672.3,2017,True,2017 parameters carried forward to 2018-2019,Dato sulla RMI 2017.pdf - Cuadro 2,Later 2017 values after update,True
ES13,Cantabria,2019,Renta Social Básica,4,591.63,672.3,2017,True,2017 parameters carried forward to 2018-2019,Dato sulla RMI 2017.pdf - Cuadro 2,Later 2017 values after update,True
ES13,Cantabria,2017,Renta Social Básica,5,650.79,672.3,2017,True,2017 parameters carried forward to 2018-2019,Dato sulla RMI 2017.pdf - Cuadro 2,Later 2017 values after update,True
ES13,Cantabria,2018,Renta Social Básica,5,650.79,672.3,2017,True,2017 parameters carried forward to 2018-2019,Dato sulla RMI 2017.pdf - Cuadro 2,Later 2017 values after update,True
ES13,Cantabria,2019,Renta Social Básica,5,650.79,672.3,2017,True,2017 parameters carried forward to 2018-2019,Dato sulla RMI 2017.pdf - Cuadro 2,Later 2017 values after update,True
ES42,Castilla-La Mancha,2017,Ingreso Mínimo de Solidaridad,1,420.42,723.12,2017,True,2017 parameters carried forward to 2018-2019,Dato sulla RMI 2017.pdf - Cuadro 2,Unidad familiar; report does not provide full legal mapping from survey household to benefit unit.,True
ES42,Castilla-La Mancha,2018,Ingreso Mínimo de Solidaridad,1,420.42,723.12,2017,True,2017 parameters carried forward to 2018-2019,Dato sulla RMI 2017.pdf - Cuadro 2,Unidad familiar; report does not provide full legal mapping from survey household to benefit unit.,True
ES42,Castilla-La Mancha,2019,Ingreso Mínimo de Solidaridad,1,420.42,723.12,2017,True,2017 parameters carried forward to 2018-2019,Dato sulla RMI 2017.pdf - Cuadro 2,Unidad familiar; report does not provide full legal mapping from survey household to benefit unit.,True
ES42,Castilla-La Mancha,2017,Ingreso Mínimo de Solidaridad,2,470.87,723.12,2017,True,2017 parameters carried forward to 2018-2019,Dato sulla RMI 2017.pdf - Cuadro 2,Unidad familiar; report does not provide full legal mapping from survey household to benefit unit.,True
ES42,Castilla-La Mancha,2018,Ingreso Mínimo de Solidaridad,2,470.87,723.12,2017,True,2017 parameters carried forward to 2018-2019,Dato sulla RMI 2017.pdf - Cuadro 2,Unidad familiar; report does not provide full legal mapping from survey household to benefit unit.,True
ES42,Castilla-La Mancha,2019,Ingreso Mínimo de Solidaridad,2,470.87,723.12,2017,True,2017 parameters carried forward to 2018-2019,Dato sulla RMI 2017.pdf - Cuadro 2,Unidad familiar; report does not provide full legal mapping from survey household to benefit unit.,True
ES42,Castilla-La Mancha,2017,Ingreso Mínimo de Solidaridad,3,521.32,723.12,2017,True,2017 parameters carried forward to 2018-2019,Dato sulla RMI 2017.pdf - Cuadro 2,Unidad familiar; report does not provide full legal mapping from survey household to benefit unit.,True
ES42,Castilla-La Mancha,2018,Ingreso Mínimo de Solidaridad,3,521.32,723.12,2017,True,2017 parameters carried forward to 2018-2019,Dato sulla RMI 2017.pdf - Cuadro 2,Unidad familiar; report does not provide full legal mapping from survey household to benefit unit.,True
ES42,Castilla-La Mancha,2019,Ingreso Mínimo de Solidaridad,3,521.32,723.12,2017,True,2017 parameters carried forward to 2018-2019,Dato sulla RMI 2017.pdf - Cuadro 2,Unidad familiar; report does not provide full legal mapping from survey household to benefit unit.,True
ES42,Castilla-La Mancha,2017,Ingreso Mínimo de Solidaridad,4,571.77,723.12,2017,True,2017 parameters carried forward to 2018-2019,Dato sulla RMI 2017.pdf - Cuadro 2,Unidad familiar; report does not provide full legal mapping from survey household to benefit unit.,True
ES42,Castilla-La Mancha,2018,Ingreso Mínimo de Solidaridad,4,571.77,723.12,2017,True,2017 parameters carried forward to 2018-2019,Dato sulla RMI 2017.pdf - Cuadro 2,Unidad familiar; report does not provide full legal mapping from survey household to benefit unit.,True
ES42,Castilla-La Mancha,2019,Ingreso Mínimo de Solidaridad,4,571.77,723.12,2017,True,2017 parameters carried forward to 2018-2019,Dato sulla RMI 2017.pdf - Cuadro 2,Unidad familiar; report does not provide full legal mapping from survey household to benefit unit.,True
ES42,Castilla-La Mancha,2017,Ingreso Mínimo de Solidaridad,5,622.22,723.12,2017,True,2017 parameters carried forward to 2018-2019,Dato sulla RMI 2017.pdf - Cuadro 2,Unidad familiar; report does not provide full legal mapping from survey household to benefit unit.,True
ES42,Castilla-La Mancha,2018,Ingreso Mínimo de Solidaridad,5,622.22,723.12,2017,True,2017 parameters carried forward to 2018-2019,Dato sulla RMI 2017.pdf - Cuadro 2,Unidad familiar; report does not provide full legal mapping from survey household to benefit unit.,True
ES42,Castilla-La Mancha,2019,Ingreso Mínimo de Solidaridad,5,622.22,723.12,2017,True,2017 parameters carried forward to 2018-2019,Dato sulla RMI 2017.pdf - Cuadro 2,Unidad familiar; report does not provide full legal mapping from survey household to benefit unit.,True
ES42,Castilla-La Mancha,2017,Ingreso Mínimo de Solidaridad,6,672.67,723.12,2017,True,2017 parameters carried forward to 2018-2019,Dato sulla RMI 2017.pdf - Cuadro 2,Unidad familiar; report does not provide full legal mapping from survey household to benefit unit.,True
ES42,Castilla-La Mancha,2018,Ingreso Mínimo de Solidaridad,6,672.67,723.12,2017,True,2017 parameters carried forward to 2018-2019,Dato sulla RMI 2017.pdf - Cuadro 2,Unidad familiar; report does not provide full legal mapping from survey household to benefit unit.,True
ES42,Castilla-La Mancha,2019,Ingreso Mínimo de Solidaridad,6,672.67,723.12,2017,True,2017 parameters carried forward to 2018-2019,Dato sulla RMI 2017.pdf - Cuadro 2,Unidad familiar; report does not provide full legal mapping from survey household to benefit unit.,True
ES42,Castilla-La Mancha,2017,Ingreso Mínimo de Solidaridad,7,723.12,723.12,2017,True,2017 parameters carried forward to 2018-2019,Dato sulla RMI 2017.pdf - Cuadro 2,Unidad familiar; report does not provide full legal mapping from survey household to benefit unit.,True
ES42,Castilla-La Mancha,2018,Ingreso Mínimo de Solidaridad,7,723.12,723.12,2017,True,2017 parameters carried forward to 2018-2019,Dato sulla RMI 2017.pdf - Cuadro 2,Unidad familiar; report does not provide full legal mapping from survey household to benefit unit.,True
ES42,Castilla-La Mancha,2019,Ingreso Mínimo de Solidaridad,7,723.12,723.12,2017,True,2017 parameters carried forward to 2018-2019,Dato sulla RMI 2017.pdf - Cuadro 2,Unidad familiar; report does not provide full legal mapping from survey household to benefit unit.,True
ES42,Castilla-La Mancha,2017,Ingreso Mínimo de Solidaridad,8,723.12,723.12,2017,True,2017 parameters carried forward to 2018-2019,Dato sulla RMI 2017.pdf - Cuadro 2,Unidad familiar; report does not provide full legal mapping from survey household to benefit unit.,True
ES42,Castilla-La Mancha,2018,Ingreso Mínimo de Solidaridad,8,723.12,723.12,2017,True,2017 parameters carried forward to 2018-2019,Dato sulla RMI 2017.pdf - Cuadro 2,Unidad familiar; report does not provide full legal mapping from survey household to benefit unit.,True
ES42,Castilla-La Mancha,2019,Ingreso Mínimo de Solidaridad,8,723.12,723.12,2017,True,2017 parameters carried forward to 2018-2019,Dato sulla RMI 2017.pdf - Cuadro 2,Unidad familiar; report does not provide full legal mapping from survey household to benefit unit.,True
ES41,Castilla y Leon,2017,Renta Garantizada de Ciudadanía,1,430.27,699.19,2017,True,2017 parameters carried forward to 2018-2019,Dato sulla RMI 2017.pdf - Cuadro 2,Later 2017 values after update,True
ES41,Castilla y Leon,2018,Renta Garantizada de Ciudadanía,1,430.27,699.19,2017,True,2017 parameters carried forward to 2018-2019,Dato sulla RMI 2017.pdf - Cuadro 2,Later 2017 values after update,True
ES41,Castilla y Leon,2019,Renta Garantizada de Ciudadanía,1,430.27,699.19,2017,True,2017 parameters carried forward to 2018-2019,Dato sulla RMI 2017.pdf - Cuadro 2,Later 2017 values after update,True
ES41,Castilla y Leon,2017,Renta Garantizada de Ciudadanía,2,537.84,699.19,2017,True,2017 parameters carried forward to 2018-2019,Dato sulla RMI 2017.pdf - Cuadro 2,Later 2017 values after update,True
ES41,Castilla y Leon,2018,Renta Garantizada de Ciudadanía,2,537.84,699.19,2017,True,2017 parameters carried forward to 2018-2019,Dato sulla RMI 2017.pdf - Cuadro 2,Later 2017 values after update,True
ES41,Castilla y Leon,2019,Renta Garantizada de Ciudadanía,2,537.84,699.19,2017,True,2017 parameters carried forward to 2018-2019,Dato sulla RMI 2017.pdf - Cuadro 2,Later 2017 values after update,True
ES41,Castilla y Leon,2017,Renta Garantizada de Ciudadanía,3,602.38,699.19,2017,True,2017 parameters carried forward to 2018-2019,Dato sulla RMI 2017.pdf - Cuadro 2,Later 2017 values after update,True
ES41,Castilla y Leon,2018,Renta Garantizada de Ciudadanía,3,602.38,699.19,2017,True,2017 parameters carried forward to 2018-2019,Dato sulla RMI 2017.pdf - Cuadro 2,Later 2017 values after update,True
ES41,Castilla y Leon,2019,Renta Garantizada de Ciudadanía,3,602.38,699.19,2017,True,2017 parameters carried forward to 2018-2019,Dato sulla RMI 2017.pdf - Cuadro 2,Later 2017 values after update,True
ES41,Castilla y Leon,2017,Renta Garantizada de Ciudadanía,4,645.41,699.19,2017,True,2017 parameters carried forward to 2018-2019,Dato sulla RMI 2017.pdf - Cuadro 2,Later 2017 values after update,True
ES41,Castilla y Leon,2018,Renta Garantizada de Ciudadanía,4,645.41,699.19,2017,True,2017 parameters carried forward to 2018-2019,Dato sulla RMI 2017.pdf - Cuadro 2,Later 2017 values after update,True
ES41,Castilla y Leon,2019,Renta Garantizada de Ciudadanía,4,645.41,699.19,2017,True,2017 parameters carried forward to 2018-2019,Dato sulla RMI 2017.pdf - Cuadro 2,Later 2017 values after update,True
ES41,Castilla y Leon,2017,Renta Garantizada de Ciudadanía,5,688.44,699.19,2017,True,2017 parameters carried forward to 2018-2019,Dato sulla RMI 2017.pdf - Cuadro 2,Later 2017 values after update,True
ES41,Castilla y Leon,2018,Renta Garantizada de Ciudadanía,5,688.44,699.19,2017,True,2017 parameters carried forward to 2018-2019,Dato sulla RMI 2017.pdf - Cuadro 2,Later 2017 values after update,True
ES41,Castilla y Leon,2019,Renta Garantizada de Ciudadanía,5,688.44,699.19,2017,True,2017 parameters carried forward to 2018-2019,Dato sulla RMI 2017.pdf - Cuadro 2,Later 2017 values after update,True
ES41,Castilla y Leon,2017,Renta Garantizada de Ciudadanía,6,699.19,699.19,2017,True,2017 parameters carried forward to 2018-2019,Dato sulla RMI 2017.pdf - Cuadro 2,Later 2017 values after update,True
ES41,Castilla y Leon,2018,Renta Garantizada de Ciudadanía,6,699.19,699.19,2017,True,2017 parameters carried forward to 2018-2019,Dato sulla RMI 2017.pdf - Cuadro 2,Later 2017 values after update,True
ES41,Castilla y Leon,2019,Renta Garantizada de Ciudadanía,6,699.19,699.19,2017,True,2017 parameters carried forward to 2018-2019,Dato sulla RMI 2017.pdf - Cuadro 2,Later 2017 values after update,True
ES51,Catalonia,2017,Renta Garantizada de Ciudadanía (RGC),1,564.0,1062.0,2017,True,2017 parameters carried forward to 2018-2019,Dato sulla RMI 2017.pdf - Cuadro 13 notes,During 2017 RMI and RGC coexist; using RGC from 2017 onward,True
ES51,Catalonia,2018,Renta Garantizada de Ciudadanía (RGC),1,564.0,1062.0,2017,True,2017 parameters carried forward to 2018-2019,Dato sulla RMI 2017.pdf - Cuadro 13 notes,During 2017 RMI and RGC coexist; using RGC from 2017 onward,True
ES51,Catalonia,2019,Renta Garantizada de Ciudadanía (RGC),1,564.0,1062.0,2017,True,2017 parameters carried forward to 2018-2019,Dato sulla RMI 2017.pdf - Cuadro 13 notes,During 2017 RMI and RGC coexist; using RGC from 2017 onward,True
ES51,Catalonia,2017,Renta Garantizada de Ciudadanía (RGC),2,836.0,1062.0,2017,True,2017 parameters carried forward to 2018-2019,Dato sulla RMI 2017.pdf - Cuadro 13 notes,During 2017 RMI and RGC coexist; using RGC from 2017 onward,True
ES51,Catalonia,2018,Renta Garantizada de Ciudadanía (RGC),2,836.0,1062.0,2017,True,2017 parameters carried forward to 2018-2019,Dato sulla RMI 2017.pdf - Cuadro 13 notes,During 2017 RMI and RGC coexist; using RGC from 2017 onward,True
ES51,Catalonia,2019,Renta Garantizada de Ciudadanía (RGC),2,836.0,1062.0,2017,True,2017 parameters carried forward to 2018-2019,Dato sulla RMI 2017.pdf - Cuadro 13 notes,During 2017 RMI and RGC coexist; using RGC from 2017 onward,True
ES51,Catalonia,2017,Renta Garantizada de Ciudadanía (RGC),3,909.0,1062.0,2017,True,2017 parameters carried forward to 2018-2019,Dato sulla RMI 2017.pdf - Cuadro 13 notes,During 2017 RMI and RGC coexist; using RGC from 2017 onward,True
ES51,Catalonia,2018,Renta Garantizada de Ciudadanía (RGC),3,909.0,1062.0,2017,True,2017 parameters carried forward to 2018-2019,Dato sulla RMI 2017.pdf - Cuadro 13 notes,During 2017 RMI and RGC coexist; using RGC from 2017 onward,True
ES51,Catalonia,2019,Renta Garantizada de Ciudadanía (RGC),3,909.0,1062.0,2017,True,2017 parameters carried forward to 2018-2019,Dato sulla RMI 2017.pdf - Cuadro 13 notes,During 2017 RMI and RGC coexist; using RGC from 2017 onward,True
ES51,Catalonia,2017,Renta Garantizada de Ciudadanía (RGC),4,982.0,1062.0,2017,True,2017 parameters carried forward to 2018-2019,Dato sulla RMI 2017.pdf - Cuadro 13 notes,During 2017 RMI and RGC coexist; using RGC from 2017 onward,True
ES51,Catalonia,2018,Renta Garantizada de Ciudadanía (RGC),4,982.0,1062.0,2017,True,2017 parameters carried forward to 2018-2019,Dato sulla RMI 2017.pdf - Cuadro 13 notes,During 2017 RMI and RGC coexist; using RGC from 2017 onward,True
ES51,Catalonia,2019,Renta Garantizada de Ciudadanía (RGC),4,982.0,1062.0,2017,True,2017 parameters carried forward to 2018-2019,Dato sulla RMI 2017.pdf - Cuadro 13 notes,During 2017 RMI and RGC coexist; using RGC from 2017 onward,True
ES51,Catalonia,2017,Renta Garantizada de Ciudadanía (RGC),5,1062.0,1062.0,2017,True,2017 parameters carried forward to 2018-2019,Dato sulla RMI 2017.pdf - Cuadro 13 notes,During 2017 RMI and RGC coexist; using RGC from 2017 onward,True
ES51,Catalonia,2018,Renta Garantizada de Ciudadanía (RGC),5,1062.0,1062.0,2017,True,2017 parameters carried forward to 2018-2019,Dato sulla RMI 2017.pdf - Cuadro 13 notes,During 2017 RMI and RGC coexist; using RGC from 2017 onward,True
ES51,Catalonia,2019,Renta Garantizada de Ciudadanía (RGC),5,1062.0,1062.0,2017,True,2017 parameters carried forward to 2018-2019,Dato sulla RMI 2017.pdf - Cuadro 13 notes,During 2017 RMI and RGC coexist; using RGC from 2017 onward,True
ES63,Ceuta,2017,Ingreso Mínimo de Inserción Social,1,300.0,420.0,2017,True,2017 parameters carried forward to 2018-2019,Dato sulla RMI 2017.pdf - Cuadro 2,,True
ES63,Ceuta,2018,Ingreso Mínimo de Inserción Social,1,300.0,420.0,2017,True,2017 parameters carried forward to 2018-2019,Dato sulla RMI 2017.pdf - Cuadro 2,,True
ES63,Ceuta,2019,Ingreso Mínimo de Inserción Social,1,300.0,420.0,2017,True,2017 parameters carried forward to 2018-2019,Dato sulla RMI 2017.pdf - Cuadro 2,,True
ES63,Ceuta,2017,Ingreso Mínimo de Inserción Social,2,330.0,420.0,2017,True,2017 parameters carried forward to 2018-2019,Dato sulla RMI 2017.pdf - Cuadro 2,,True
ES63,Ceuta,2018,Ingreso Mínimo de Inserción Social,2,330.0,420.0,2017,True,2017 parameters carried forward to 2018-2019,Dato sulla RMI 2017.pdf - Cuadro 2,,True
ES63,Ceuta,2019,Ingreso Mínimo de Inserción Social,2,330.0,420.0,2017,True,2017 parameters carried forward to 2018-2019,Dato sulla RMI 2017.pdf - Cuadro 2,,True
ES63,Ceuta,2017,Ingreso Mínimo de Inserción Social,3,360.0,420.0,2017,True,2017 parameters carried forward to 2018-2019,Dato sulla RMI 2017.pdf - Cuadro 2,,True
ES63,Ceuta,2018,Ingreso Mínimo de Inserción Social,3,360.0,420.0,2017,True,2017 parameters carried forward to 2018-2019,Dato sulla RMI 2017.pdf - Cuadro 2,,True
ES63,Ceuta,2019,Ingreso Mínimo de Inserción Social,3,360.0,420.0,2017,True,2017 parameters carried forward to 2018-2019,Dato sulla RMI 2017.pdf - Cuadro 2,,True
ES63,Ceuta,2017,Ingreso Mínimo de Inserción Social,4,390.0,420.0,2017,True,2017 parameters carried forward to 2018-2019,Dato sulla RMI 2017.pdf - Cuadro 2,,True
ES63,Ceuta,2018,Ingreso Mínimo de Inserción Social,4,390.0,420.0,2017,True,2017 parameters carried forward to 2018-2019,Dato sulla RMI 2017.pdf - Cuadro 2,,True
ES63,Ceuta,2019,Ingreso Mínimo de Inserción Social,4,390.0,420.0,2017,True,2017 parameters carried forward to 2018-2019,Dato sulla RMI 2017.pdf - Cuadro 2,,True
ES63,Ceuta,2017,Ingreso Mínimo de Inserción Social,5,420.0,420.0,2017,True,2017 parameters carried forward to 2018-2019,Dato sulla RMI 2017.pdf - Cuadro 2,,True
ES63,Ceuta,2018,Ingreso Mínimo de Inserción Social,5,420.0,420.0,2017,True,2017 parameters carried forward to 2018-2019,Dato sulla RMI 2017.pdf - Cuadro 2,,True
ES63,Ceuta,2019,Ingreso Mínimo de Inserción Social,5,420.0,420.0,2017,True,2017 parameters carried forward to 2018-2019,Dato sulla RMI 2017.pdf - Cuadro 2,,True
ES43,Extremadura,2017,Renta Básica Extremeña de Inserción,1,430.27,726.08,2017,True,2017 parameters carried forward to 2018-2019,Dato sulla RMI 2017.pdf - Cuadro 2,,True
ES43,Extremadura,2018,Renta Básica Extremeña de Inserción,1,430.27,726.08,2017,True,2017 parameters carried forward to 2018-2019,Dato sulla RMI 2017.pdf - Cuadro 2,,True
ES43,Extremadura,2019,Renta Básica Extremeña de Inserción,1,430.27,726.08,2017,True,2017 parameters carried forward to 2018-2019,Dato sulla RMI 2017.pdf - Cuadro 2,,True
ES43,Extremadura,2017,Renta Básica Extremeña de Inserción,2,430.27,726.08,2017,True,2017 parameters carried forward to 2018-2019,Dato sulla RMI 2017.pdf - Cuadro 2,,True
ES43,Extremadura,2018,Renta Básica Extremeña de Inserción,2,430.27,726.08,2017,True,2017 parameters carried forward to 2018-2019,Dato sulla RMI 2017.pdf - Cuadro 2,,True
ES43,Extremadura,2019,Renta Básica Extremeña de Inserción,2,430.27,726.08,2017,True,2017 parameters carried forward to 2018-2019,Dato sulla RMI 2017.pdf - Cuadro 2,,True
ES43,Extremadura,2017,Renta Básica Extremeña de Inserción,3,537.84,726.08,2017,True,2017 parameters carried forward to 2018-2019,Dato sulla RMI 2017.pdf - Cuadro 2,,True
ES43,Extremadura,2018,Renta Básica Extremeña de Inserción,3,537.84,726.08,2017,True,2017 parameters carried forward to 2018-2019,Dato sulla RMI 2017.pdf - Cuadro 2,,True
ES43,Extremadura,2019,Renta Básica Extremeña de Inserción,3,537.84,726.08,2017,True,2017 parameters carried forward to 2018-2019,Dato sulla RMI 2017.pdf - Cuadro 2,,True
ES43,Extremadura,2017,Renta Básica Extremeña de Inserción,4,591.62,726.08,2017,True,2017 parameters carried forward to 2018-2019,Dato sulla RMI 2017.pdf - Cuadro 2,,True
ES43,Extremadura,2018,Renta Básica Extremeña de Inserción,4,591.62,726.08,2017,True,2017 parameters carried forward to 2018-2019,Dato sulla RMI 2017.pdf - Cuadro 2,,True
ES43,Extremadura,2019,Renta Básica Extremeña de Inserción,4,591.62,726.08,2017,True,2017 parameters carried forward to 2018-2019,Dato sulla RMI 2017.pdf - Cuadro 2,,True
ES43,Extremadura,2017,Renta Básica Extremeña de Inserción,5,645.41,726.08,2017,True,2017 parameters carried forward to 2018-2019,Dato sulla RMI 2017.pdf - Cuadro 2,,True
ES43,Extremadura,2018,Renta Básica Extremeña de Inserción,5,645.41,726.08,2017,True,2017 parameters carried forward to 2018-2019,Dato sulla RMI 2017.pdf - Cuadro 2,,True
ES43,Extremadura,2019,Renta Básica Extremeña de Inserción,5,645.41,726.08,2017,True,2017 parameters carried forward to 2018-2019,Dato sulla RMI 2017.pdf - Cuadro 2,,True
ES43,Extremadura,2017,Renta Básica Extremeña de Inserción,6,672.3,726.08,2017,True,2017 parameters carried forward to 2018-2019,Dato sulla RMI 2017.pdf - Cuadro 2,,True
ES43,Extremadura,2018,Renta Básica Extremeña de Inserción,6,672.3,726.08,2017,True,2017 parameters carried forward to 2018-2019,Dato sulla RMI 2017.pdf - Cuadro 2,,True
ES43,Extremadura,2019,Renta Básica Extremeña de Inserción,6,672.3,726.08,2017,True,2017 parameters carried forward to 2018-2019,Dato sulla RMI 2017.pdf - Cuadro 2,,True
ES43,Extremadura,2017,Renta Básica Extremeña de Inserción,7,699.19,726.08,2017,True,2017 parameters carried forward to 2018-2019,Dato sulla RMI 2017.pdf - Cuadro 2,,True
ES43,Extremadura,2018,Renta Básica Extremeña de Inserción,7,699.19,726.08,2017,True,2017 parameters carried forward to 2018-2019,Dato sulla RMI 2017.pdf - Cuadro 2,,True
ES43,Extremadura,2019,Renta Básica Extremeña de Inserción,7,699.19,726.08,2017,True,2017 parameters carried forward to 2018-2019,Dato sulla RMI 2017.pdf - Cuadro 2,,True
ES11,Galicia,2017,Renta de Inclusión Social (RISGA),1,403.38,726.08,2017,True,2017 parameters carried forward to 2018-2019,Dato sulla RMI 2017.pdf - Cuadro 8 / notes,Later 2017 values after update; larger sizes may need cap logic,True
ES11,Galicia,2018,Renta de Inclusión Social (RISGA),1,403.38,726.08,2017,True,2017 parameters carried forward to 2018-2019,Dato sulla RMI 2017.pdf - Cuadro 8 / notes,Later 2017 values after update; larger sizes may need cap logic,True
ES11,Galicia,2019,Renta de Inclusión Social (RISGA),1,403.38,726.08,2017,True,2017 parameters carried forward to 2018-2019,Dato sulla RMI 2017.pdf - Cuadro 8 / notes,Later 2017 values after update; larger sizes may need cap logic,True
ES11,Galicia,2017,Renta de Inclusión Social (RISGA),2,478.68,726.08,2017,True,2017 parameters carried forward to 2018-2019,Dato sulla RMI 2017.pdf - Cuadro 8 / notes,Later 2017 values after update; larger sizes may need cap logic,True
ES11,Galicia,2018,Renta de Inclusión Social (RISGA),2,478.68,726.08,2017,True,2017 parameters carried forward to 2018-2019,Dato sulla RMI 2017.pdf - Cuadro 8 / notes,Later 2017 values after update; larger sizes may need cap logic,True
ES11,Galicia,2019,Renta de Inclusión Social (RISGA),2,478.68,726.08,2017,True,2017 parameters carried forward to 2018-2019,Dato sulla RMI 2017.pdf - Cuadro 8 / notes,Later 2017 values after update; larger sizes may need cap logic,True
ES11,Galicia,2017,Renta de Inclusión Social (RISGA),3,543.22,726.08,2017,True,2017 parameters carried forward to 2018-2019,Dato sulla RMI 2017.pdf - Cuadro 8 / notes,Later 2017 values after update; larger sizes may need cap logic,True
ES11,Galicia,2018,Renta de Inclusión Social (RISGA),3,543.22,726.08,2017,True,2017 parameters carried forward to 2018-2019,Dato sulla RMI 2017.pdf - Cuadro 8 / notes,Later 2017 values after update; larger sizes may need cap logic,True
ES11,Galicia,2019,Renta de Inclusión Social (RISGA),3,543.22,726.08,2017,True,2017 parameters carried forward to 2018-2019,Dato sulla RMI 2017.pdf - Cuadro 8 / notes,Later 2017 values after update; larger sizes may need cap logic,True
ES11,Galicia,2017,Renta de Inclusión Social (RISGA),4,597.0,726.08,2017,True,2017 parameters carried forward to 2018-2019,Dato sulla RMI 2017.pdf - Cuadro 8 / notes,Later 2017 values after update; larger sizes may need cap logic,True
ES11,Galicia,2018,Renta de Inclusión Social (RISGA),4,597.0,726.08,2017,True,2017 parameters carried forward to 2018-2019,Dato sulla RMI 2017.pdf - Cuadro 8 / notes,Later 2017 values after update; larger sizes may need cap logic,True
ES11,Galicia,2019,Renta de Inclusión Social (RISGA),4,597.0,726.08,2017,True,2017 parameters carried forward to 2018-2019,Dato sulla RMI 2017.pdf - Cuadro 8 / notes,Later 2017 values after update; larger sizes may need cap logic,True
ES30,Madrid,2017,Renta Mínima de Inserción,1,400.0,707.7,2017,True,2017 parameters carried forward to 2018-2019,Dato sulla RMI 2017.pdf - Cuadro 2,Partial schedule; larger sizes use cap,True
ES30,Madrid,2018,Renta Mínima de Inserción,1,400.0,707.7,2017,True,2017 parameters carried forward to 2018-2019,Dato sulla RMI 2017.pdf - Cuadro 2,Partial schedule; larger sizes use cap,True
ES30,Madrid,2019,Renta Mínima de Inserción,1,400.0,707.7,2017,True,2017 parameters carried forward to 2018-2019,Dato sulla RMI 2017.pdf - Cuadro 2,Partial schedule; larger sizes use cap,True
ES30,Madrid,2017,Renta Mínima de Inserción,2,512.67,707.7,2017,True,2017 parameters carried forward to 2018-2019,Dato sulla RMI 2017.pdf - Cuadro 2,Partial schedule; larger sizes use cap,True
ES30,Madrid,2018,Renta Mínima de Inserción,2,512.67,707.7,2017,True,2017 parameters carried forward to 2018-2019,Dato sulla RMI 2017.pdf - Cuadro 2,Partial schedule; larger sizes use cap,True
ES30,Madrid,2019,Renta Mínima de Inserción,2,512.67,707.7,2017,True,2017 parameters carried forward to 2018-2019,Dato sulla RMI 2017.pdf - Cuadro 2,Partial schedule; larger sizes use cap,True
ES30,Madrid,2017,Renta Mínima de Inserción,3,587.78,707.7,2017,True,2017 parameters carried forward to 2018-2019,Dato sulla RMI 2017.pdf - Cuadro 2,Partial schedule; larger sizes use cap,True
ES30,Madrid,2018,Renta Mínima de Inserción,3,587.78,707.7,2017,True,2017 parameters carried forward to 2018-2019,Dato sulla RMI 2017.pdf - Cuadro 2,Partial schedule; larger sizes use cap,True
ES30,Madrid,2019,Renta Mínima de Inserción,3,587.78,707.7,2017,True,2017 parameters carried forward to 2018-2019,Dato sulla RMI 2017.pdf - Cuadro 2,Partial schedule; larger sizes use cap,True
ES64,Melilla,2017,Ingreso Melillense de Integración / Prestación Básica Familiar,1,458.64,764.4,2017,True,2017 parameters carried forward to 2018-2019,Dato sulla RMI 2017.pdf - Cuadro 13 notes,Combined representation for 2017,True
ES64,Melilla,2018,Ingreso Melillense de Integración / Prestación Básica Familiar,1,458.64,764.4,2017,True,2017 parameters carried forward to 2018-2019,Dato sulla RMI 2017.pdf - Cuadro 13 notes,Combined representation for 2017,True
ES64,Melilla,2019,Ingreso Melillense de Integración / Prestación Básica Familiar,1,458.64,764.4,2017,True,2017 parameters carried forward to 2018-2019,Dato sulla RMI 2017.pdf - Cuadro 13 notes,Combined representation for 2017,True
ES64,Melilla,2017,Ingreso Melillense de Integración / Prestación Básica Familiar,2,535.08,764.4,2017,True,2017 parameters carried forward to 2018-2019,Dato sulla RMI 2017.pdf - Cuadro 13 notes,Combined representation for 2017,True
ES64,Melilla,2018,Ingreso Melillense de Integración / Prestación Básica Familiar,2,535.08,764.4,2017,True,2017 parameters carried forward to 2018-2019,Dato sulla RMI 2017.pdf - Cuadro 13 notes,Combined representation for 2017,True
ES64,Melilla,2019,Ingreso Melillense de Integración / Prestación Básica Familiar,2,535.08,764.4,2017,True,2017 parameters carried forward to 2018-2019,Dato sulla RMI 2017.pdf - Cuadro 13 notes,Combined representation for 2017,True
ES64,Melilla,2017,Ingreso Melillense de Integración / Prestación Básica Familiar,3,611.52,764.4,2017,True,2017 parameters carried forward to 2018-2019,Dato sulla RMI 2017.pdf - Cuadro 13 notes,Combined representation for 2017,True
ES64,Melilla,2018,Ingreso Melillense de Integración / Prestación Básica Familiar,3,611.52,764.4,2017,True,2017 parameters carried forward to 2018-2019,Dato sulla RMI 2017.pdf - Cuadro 13 notes,Combined representation for 2017,True
ES64,Melilla,2019,Ingreso Melillense de Integración / Prestación Básica Familiar,3,611.52,764.4,2017,True,2017 parameters carried forward to 2018-2019,Dato sulla RMI 2017.pdf - Cuadro 13 notes,Combined representation for 2017,True
ES64,Melilla,2017,Ingreso Melillense de Integración / Prestación Básica Familiar,4,687.96,764.4,2017,True,2017 parameters carried forward to 2018-2019,Dato sulla RMI 2017.pdf - Cuadro 13 notes,Combined representation for 2017,True
ES64,Melilla,2018,Ingreso Melillense de Integración / Prestación Básica Familiar,4,687.96,764.4,2017,True,2017 parameters carried forward to 2018-2019,Dato sulla RMI 2017.pdf - Cuadro 13 notes,Combined representation for 2017,True
ES64,Melilla,2019,Ingreso Melillense de Integración / Prestación Básica Familiar,4,687.96,764.4,2017,True,2017 parameters carried forward to 2018-2019,Dato sulla RMI 2017.pdf - Cuadro 13 notes,Combined representation for 2017,True
ES64,Melilla,2017,Ingreso Melillense de Integración / Prestación Básica Familiar,5,764.4,764.4,2017,True,2017 parameters carried forward to 2018-2019,Dato sulla RMI 2017.pdf - Cuadro 13 notes,Combined representation for 2017,True
ES64,Melilla,2018,Ingreso Melillense de Integración / Prestación Básica Familiar,5,764.4,764.4,2017,True,2017 parameters carried forward to 2018-2019,Dato sulla RMI 2017.pdf - Cuadro 13 notes,Combined representation for 2017,True
ES64,Melilla,2019,Ingreso Melillense de Integración / Prestación Básica Familiar,5,764.4,764.4,2017,True,2017 parameters carried forward to 2018-2019,Dato sulla RMI 2017.pdf - Cuadro 13 notes,Combined representation for 2017,True
ES62,Murcia,2017,Renta Básica de Inserción,1,430.27,806.76,2017,True,2017 parameters carried forward to 2018-2019,Informe_2018.pdf - Cuadro 2 / informe-rrmm-19.pdf - Cuadro 3-4,Operational proxy for pre-2020 simulation; Murcia treated as listed schedule region instead of excluded formula region.,True
ES62,Murcia,2018,Renta Básica de Inserción,1,430.27,806.76,2017,True,2017 parameters carried forward to 2018-2019,Informe_2018.pdf - Cuadro 2 / informe-rrmm-19.pdf - Cuadro 3-4,Operational proxy for pre-2020 simulation; Murcia treated as listed schedule region instead of excluded formula region.,True
ES62,Murcia,2019,Renta Básica de Inserción,1,430.27,806.76,2017,True,2017 parameters carried forward to 2018-2019,Informe_2018.pdf - Cuadro 2 / informe-rrmm-19.pdf - Cuadro 3-4,Operational proxy for pre-2020 simulation; Murcia treated as listed schedule region instead of excluded formula region.,True
ES62,Murcia,2017,Renta Básica de Inserción,2,430.27,806.76,2017,True,2017 parameters carried forward to 2018-2019,Informe_2018.pdf - Cuadro 2 / informe-rrmm-19.pdf - Cuadro 3-4,Operational proxy for pre-2020 simulation; Murcia treated as listed schedule region instead of excluded formula region.,True
ES62,Murcia,2018,Renta Básica de Inserción,2,430.27,806.76,2017,True,2017 parameters carried forward to 2018-2019,Informe_2018.pdf - Cuadro 2 / informe-rrmm-19.pdf - Cuadro 3-4,Operational proxy for pre-2020 simulation; Murcia treated as listed schedule region instead of excluded formula region.,True
ES62,Murcia,2019,Renta Básica de Inserción,2,430.27,806.76,2017,True,2017 parameters carried forward to 2018-2019,Informe_2018.pdf - Cuadro 2 / informe-rrmm-19.pdf - Cuadro 3-4,Operational proxy for pre-2020 simulation; Murcia treated as listed schedule region instead of excluded formula region.,True
ES62,Murcia,2017,Renta Básica de Inserción,3,537.84,806.76,2017,True,2017 parameters carried forward to 2018-2019,Informe_2018.pdf - Cuadro 2 / informe-rrmm-19.pdf - Cuadro 3-4,Operational proxy for pre-2020 simulation; Murcia treated as listed schedule region instead of excluded formula region.,True
ES62,Murcia,2018,Renta Básica de Inserción,3,537.84,806.76,2017,True,2017 parameters carried forward to 2018-2019,Informe_2018.pdf - Cuadro 2 / informe-rrmm-19.pdf - Cuadro 3-4,Operational proxy for pre-2020 simulation; Murcia treated as listed schedule region instead of excluded formula region.,True
ES62,Murcia,2019,Renta Básica de Inserción,3,537.84,806.76,2017,True,2017 parameters carried forward to 2018-2019,Informe_2018.pdf - Cuadro 2 / informe-rrmm-19.pdf - Cuadro 3-4,Operational proxy for pre-2020 simulation; Murcia treated as listed schedule region instead of excluded formula region.,True
ES62,Murcia,2017,Renta Básica de Inserción,4,591.62,806.76,2017,True,2017 parameters carried forward to 2018-2019,Informe_2018.pdf - Cuadro 2 / informe-rrmm-19.pdf - Cuadro 3-4,Operational proxy for pre-2020 simulation; Murcia treated as listed schedule region instead of excluded formula region.,True
ES62,Murcia,2018,Renta Básica de Inserción,4,591.62,806.76,2017,True,2017 parameters carried forward to 2018-2019,Informe_2018.pdf - Cuadro 2 / informe-rrmm-19.pdf - Cuadro 3-4,Operational proxy for pre-2020 simulation; Murcia treated as listed schedule region instead of excluded formula region.,True
ES62,Murcia,2019,Renta Básica de Inserción,4,591.62,806.76,2017,True,2017 parameters carried forward to 2018-2019,Informe_2018.pdf - Cuadro 2 / informe-rrmm-19.pdf - Cuadro 3-4,Operational proxy for pre-2020 simulation; Murcia treated as listed schedule region instead of excluded formula region.,True
ES62,Murcia,2017,Renta Básica de Inserción,5,644.4,806.76,2017,True,2017 parameters carried forward to 2018-2019,Informe_2018.pdf - Cuadro 2 / informe-rrmm-19.pdf - Cuadro 3-4,Operational proxy for pre-2020 simulation; Murcia treated as listed schedule region instead of excluded formula region.,True
ES62,Murcia,2018,Renta Básica de Inserción,5,644.4,806.76,2017,True,2017 parameters carried forward to 2018-2019,Informe_2018.pdf - Cuadro 2 / informe-rrmm-19.pdf - Cuadro 3-4,Operational proxy for pre-2020 simulation; Murcia treated as listed schedule region instead of excluded formula region.,True
ES62,Murcia,2019,Renta Básica de Inserción,5,644.4,806.76,2017,True,2017 parameters carried forward to 2018-2019,Informe_2018.pdf - Cuadro 2 / informe-rrmm-19.pdf - Cuadro 3-4,Operational proxy for pre-2020 simulation; Murcia treated as listed schedule region instead of excluded formula region.,True
ES62,Murcia,2017,Renta Básica de Inserción,6,687.43,806.76,2017,True,2017 parameters carried forward to 2018-2019,Informe_2018.pdf - Cuadro 2 / informe-rrmm-19.pdf - Cuadro 3-4,Operational proxy for pre-2020 simulation; Murcia treated as listed schedule region instead of excluded formula region.,True
ES62,Murcia,2018,Renta Básica de Inserción,6,687.43,806.76,2017,True,2017 parameters carried forward to 2018-2019,Informe_2018.pdf - Cuadro 2 / informe-rrmm-19.pdf - Cuadro 3-4,Operational proxy for pre-2020 simulation; Murcia treated as listed schedule region instead of excluded formula region.,True
ES62,Murcia,2019,Renta Básica de Inserción,6,687.43,806.76,2017,True,2017 parameters carried forward to 2018-2019,Informe_2018.pdf - Cuadro 2 / informe-rrmm-19.pdf - Cuadro 3-4,Operational proxy for pre-2020 simulation; Murcia treated as listed schedule region instead of excluded formula region.,True
ES62,Murcia,2017,Renta Básica de Inserción,7,730.46,806.76,2017,True,2017 parameters carried forward to 2018-2019,Informe_2018.pdf - Cuadro 2 / informe-rrmm-19.pdf - Cuadro 3-4,Operational proxy for pre-2020 simulation; Murcia treated as listed schedule region instead of excluded formula region.,True
ES62,Murcia,2018,Renta Básica de Inserción,7,730.46,806.76,2017,True,2017 parameters carried forward to 2018-2019,Informe_2018.pdf - Cuadro 2 / informe-rrmm-19.pdf - Cuadro 3-4,Operational proxy for pre-2020 simulation; Murcia treated as listed schedule region instead of excluded formula region.,True
ES62,Murcia,2019,Renta Básica de Inserción,7,730.46,806.76,2017,True,2017 parameters carried forward to 2018-2019,Informe_2018.pdf - Cuadro 2 / informe-rrmm-19.pdf - Cuadro 3-4,Operational proxy for pre-2020 simulation; Murcia treated as listed schedule region instead of excluded formula region.,True
ES62,Murcia,2017,Renta Básica de Inserción,8,806.76,806.76,2017,True,2017 parameters carried forward to 2018-2019,Informe_2018.pdf - Cuadro 2 / informe-rrmm-19.pdf - Cuadro 3-4,Operational proxy for pre-2020 simulation; Murcia treated as listed schedule region instead of excluded formula region.,True
ES62,Murcia,2018,Renta Básica de Inserción,8,806.76,806.76,2017,True,2017 parameters carried forward to 2018-2019,Informe_2018.pdf - Cuadro 2 / informe-rrmm-19.pdf - Cuadro 3-4,Operational proxy for pre-2020 simulation; Murcia treated as listed schedule region instead of excluded formula region.,True
ES62,Murcia,2019,Renta Básica de Inserción,8,806.76,806.76,2017,True,2017 parameters carried forward to 2018-2019,Informe_2018.pdf - Cuadro 2 / informe-rrmm-19.pdf - Cuadro 3-4,Operational proxy for pre-2020 simulation; Murcia treated as listed schedule region instead of excluded formula region.,True
ES22,Navarra,2017,Renta Garantizada,1,600.0,1200.0,2017,True,2017 parameters carried forward to 2018-2019,Dato sulla RMI 2017.pdf - Cuadro 2,,True
ES22,Navarra,2018,Renta Garantizada,1,600.0,1200.0,2017,True,2017 parameters carried forward to 2018-2019,Dato sulla RMI 2017.pdf - Cuadro 2,,True
ES22,Navarra,2019,Renta Garantizada,1,600.0,1200.0,2017,True,2017 parameters carried forward to 2018-2019,Dato sulla RMI 2017.pdf - Cuadro 2,,True
ES22,Navarra,2017,Renta Garantizada,2,600.0,1200.0,2017,True,2017 parameters carried forward to 2018-2019,Dato sulla RMI 2017.pdf - Cuadro 2,,True
ES22,Navarra,2018,Renta Garantizada,2,600.0,1200.0,2017,True,2017 parameters carried forward to 2018-2019,Dato sulla RMI 2017.pdf - Cuadro 2,,True
ES22,Navarra,2019,Renta Garantizada,2,600.0,1200.0,2017,True,2017 parameters carried forward to 2018-2019,Dato sulla RMI 2017.pdf - Cuadro 2,,True
ES22,Navarra,2017,Renta Garantizada,3,810.0,1200.0,2017,True,2017 parameters carried forward to 2018-2019,Dato sulla RMI 2017.pdf - Cuadro 2,,True
ES22,Navarra,2018,Renta Garantizada,3,810.0,1200.0,2017,True,2017 parameters carried forward to 2018-2019,Dato sulla RMI 2017.pdf - Cuadro 2,,True
ES22,Navarra,2019,Renta Garantizada,3,810.0,1200.0,2017,True,2017 parameters carried forward to 2018-2019,Dato sulla RMI 2017.pdf - Cuadro 2,,True
ES22,Navarra,2017,Renta Garantizada,4,960.0,1200.0,2017,True,2017 parameters carried forward to 2018-2019,Dato sulla RMI 2017.pdf - Cuadro 2,,True
ES22,Navarra,2018,Renta Garantizada,4,960.0,1200.0,2017,True,2017 parameters carried forward to 2018-2019,Dato sulla RMI 2017.pdf - Cuadro 2,,True
ES22,Navarra,2019,Renta Garantizada,4,960.0,1200.0,2017,True,2017 parameters carried forward to 2018-2019,Dato sulla RMI 2017.pdf - Cuadro 2,,True
ES22,Navarra,2017,Renta Garantizada,5,1050.0,1200.0,2017,True,2017 parameters carried forward to 2018-2019,Dato sulla RMI 2017.pdf - Cuadro 2,,True
ES22,Navarra,2018,Renta Garantizada,5,1050.0,1200.0,2017,True,2017 parameters carried forward to 2018-2019,Dato sulla RMI 2017.pdf - Cuadro 2,,True
ES22,Navarra,2019,Renta Garantizada,5,1050.0,1200.0,2017,True,2017 parameters carried forward to 2018-2019,Dato sulla RMI 2017.pdf - Cuadro 2,,True
ES22,Navarra,2017,Renta Garantizada,6,1140.0,1200.0,2017,True,2017 parameters carried forward to 2018-2019,Dato sulla RMI 2017.pdf - Cuadro 2,,True
ES22,Navarra,2018,Renta Garantizada,6,1140.0,1200.0,2017,True,2017 parameters carried forward to 2018-2019,Dato sulla RMI 2017.pdf - Cuadro 2,,True
ES22,Navarra,2019,Renta Garantizada,6,1140.0,1200.0,2017,True,2017 parameters carried forward to 2018-2019,Dato sulla RMI 2017.pdf - Cuadro 2,,True
ES22,Navarra,2017,Renta Garantizada,7,1200.0,1200.0,2017,True,2017 parameters carried forward to 2018-2019,Dato sulla RMI 2017.pdf - Cuadro 2,,True
ES22,Navarra,2018,Renta Garantizada,7,1200.0,1200.0,2017,True,2017 parameters carried forward to 2018-2019,Dato sulla RMI 2017.pdf - Cuadro 2,,True
ES22,Navarra,2019,Renta Garantizada,7,1200.0,1200.0,2017,True,2017 parameters carried forward to 2018-2019,Dato sulla RMI 2017.pdf - Cuadro 2,,True
ES21,Basque Country,2017,Renta de Garantía de Ingresos,1,634.97,901.94,2017,True,2017 parameters carried forward to 2018-2019,Dato sulla RMI 2017.pdf - Cuadro 8 / Cuadro 13,Report mentions supplements; stored amounts are table amounts,True
ES21,Basque Country,2018,Renta de Garantía de Ingresos,1,634.97,901.94,2017,True,2017 parameters carried forward to 2018-2019,Dato sulla RMI 2017.pdf - Cuadro 8 / Cuadro 13,Report mentions supplements; stored amounts are table amounts,True
ES21,Basque Country,2019,Renta de Garantía de Ingresos,1,634.97,901.94,2017,True,2017 parameters carried forward to 2018-2019,Dato sulla RMI 2017.pdf - Cuadro 8 / Cuadro 13,Report mentions supplements; stored amounts are table amounts,True
ES21,Basque Country,2017,Renta de Garantía de Ingresos,2,634.97,901.94,2017,True,2017 parameters carried forward to 2018-2019,Dato sulla RMI 2017.pdf - Cuadro 8 / Cuadro 13,Report mentions supplements; stored amounts are table amounts,True
ES21,Basque Country,2018,Renta de Garantía de Ingresos,2,634.97,901.94,2017,True,2017 parameters carried forward to 2018-2019,Dato sulla RMI 2017.pdf - Cuadro 8 / Cuadro 13,Report mentions supplements; stored amounts are table amounts,True
ES21,Basque Country,2019,Renta de Garantía de Ingresos,2,634.97,901.94,2017,True,2017 parameters carried forward to 2018-2019,Dato sulla RMI 2017.pdf - Cuadro 8 / Cuadro 13,Report mentions supplements; stored amounts are table amounts,True
ES21,Basque Country,2017,Renta de Garantía de Ingresos,3,815.36,901.94,2017,True,2017 parameters carried forward to 2018-2019,Dato sulla RMI 2017.pdf - Cuadro 8 / Cuadro 13,Report mentions supplements; stored amounts are table amounts,True
ES21,Basque Country,2018,Renta de Garantía de Ingresos,3,815.36,901.94,2017,True,2017 parameters carried forward to 2018-2019,Dato sulla RMI 2017.pdf - Cuadro 8 / Cuadro 13,Report mentions supplements; stored amounts are table amounts,True
ES21,Basque Country,2019,Renta de Garantía de Ingresos,3,815.36,901.94,2017,True,2017 parameters carried forward to 2018-2019,Dato sulla RMI 2017.pdf - Cuadro 8 / Cuadro 13,Report mentions supplements; stored amounts are table amounts,True
ES21,Basque Country,2017,Renta de Garantía de Ingresos,4,901.94,901.94,2017,True,2017 parameters carried forward to 2018-2019,Dato sulla RMI 2017.pdf - Cuadro 8 / Cuadro 13,Report mentions supplements; stored amounts are table amounts,True
ES21,Basque Country,2018,Renta de Garantía de Ingresos,4,901.94,901.94,2017,True,2017 parameters carried forward to 2018-2019,Dato sulla RMI 2017.pdf - Cuadro 8 / Cuadro 13,Report mentions supplements; stored amounts are table amounts,True
ES21,Basque Country,2019,Renta de Garantía de Ingresos,4,901.94,901.94,2017,True,2017 parameters carried forward to 2018-2019,Dato sulla RMI 2017.pdf - Cuadro 8 / Cuadro 13,Report mentions supplements; stored amounts are table amounts,True
ES23,La Rioja,2017,Renta de Ciudadanía,1,430.27,672.3,2017,True,2017 parameters carried forward to 2018-2019,Dato sulla RMI 2017.pdf - Cuadro 13 notes,2017 coexistence with IMI/AIS; using RC from 2017 onward,True
ES23,La Rioja,2018,Renta de Ciudadanía,1,430.27,672.3,2017,True,2017 parameters carried forward to 2018-2019,Dato sulla RMI 2017.pdf - Cuadro 13 notes,2017 coexistence with IMI/AIS; using RC from 2017 onward,True
ES23,La Rioja,2019,Renta de Ciudadanía,1,430.27,672.3,2017,True,2017 parameters carried forward to 2018-2019,Dato sulla RMI 2017.pdf - Cuadro 13 notes,2017 coexistence with IMI/AIS; using RC from 2017 onward,True
ES23,La Rioja,2017,Renta de Ciudadanía,2,537.84,672.3,2017,True,2017 parameters carried forward to 2018-2019,Dato sulla RMI 2017.pdf - Cuadro 13 notes,2017 coexistence with IMI/AIS; using RC from 2017 onward,True
ES23,La Rioja,2018,Renta de Ciudadanía,2,537.84,672.3,2017,True,2017 parameters carried forward to 2018-2019,Dato sulla RMI 2017.pdf - Cuadro 13 notes,2017 coexistence with IMI/AIS; using RC from 2017 onward,True
ES23,La Rioja,2019,Renta de Ciudadanía,2,537.84,672.3,2017,True,2017 parameters carried forward to 2018-2019,Dato sulla RMI 2017.pdf - Cuadro 13 notes,2017 coexistence with IMI/AIS; using RC from 2017 onward,True
ES23,La Rioja,2017,Renta de Ciudadanía,3,618.52,672.3,2017,True,2017 parameters carried forward to 2018-2019,Dato sulla RMI 2017.pdf - Cuadro 13 notes,2017 coexistence with IMI/AIS; using RC from 2017 onward,True
ES23,La Rioja,2018,Renta de Ciudadanía,3,618.52,672.3,2017,True,2017 parameters carried forward to 2018-2019,Dato sulla RMI 2017.pdf - Cuadro 13 notes,2017 coexistence with IMI/AIS; using RC from 2017 onward,True
ES23,La Rioja,2019,Renta de Ciudadanía,3,618.52,672.3,2017,True,2017 parameters carried forward to 2018-2019,Dato sulla RMI 2017.pdf - Cuadro 13 notes,2017 coexistence with IMI/AIS; using RC from 2017 onward,True
ES23,La Rioja,2017,Renta de Ciudadanía,4,672.3,672.3,2017,True,2017 parameters carried forward to 2018-2019,Dato sulla RMI 2017.pdf - Cuadro 13 notes,2017 coexistence with IMI/AIS; using RC from 2017 onward,True
ES23,La Rioja,2018,Renta de Ciudadanía,4,672.3,672.3,2017,True,2017 parameters carried forward to 2018-2019,Dato sulla RMI 2017.pdf - Cuadro 13 notes,2017 coexistence with IMI/AIS; using RC from 2017 onward,True
ES23,La Rioja,2019,Renta de Ciudadanía,4,672.3,672.3,2017,True,2017 parameters carried forward to 2018-2019,Dato sulla RMI 2017.pdf - Cuadro 13 notes,2017 coexistence with IMI/AIS; using RC from 2017 onward,True
ES52,Valencia,2017,Renta Garantizada de Ciudadanía,1,388.51,623.03,2017,True,2017 parameters carried forward to 2018-2019,Dato sulla RMI 2017.pdf - Cuadro 2,Partial schedule; cap applies,True
ES52,Valencia,2018,Renta Garantizada de Ciudadanía,1,388.51,623.03,2017,True,2017 parameters carried forward to 2018-2019,Dato sulla RMI 2017.pdf - Cuadro 2,Partial schedule; cap applies,True
ES52,Valencia,2019,Renta Garantizada de Ciudadanía,1,388.51,623.03,2017,True,2017 parameters carried forward to 2018-2019,Dato sulla RMI 2017.pdf - Cuadro 2,Partial schedule; cap applies,True
ES52,Valencia,2017,Renta Garantizada de Ciudadanía,2,388.51,623.03,2017,True,2017 parameters carried forward to 2018-2019,Dato sulla RMI 2017.pdf - Cuadro 2,Partial schedule; cap applies,True
ES52,Valencia,2018,Renta Garantizada de Ciudadanía,2,388.51,623.03,2017,True,2017 parameters carried forward to 2018-2019,Dato sulla RMI 2017.pdf - Cuadro 2,Partial schedule; cap applies,True
ES52,Valencia,2019,Renta Garantizada de Ciudadanía,2,388.51,623.03,2017,True,2017 parameters carried forward to 2018-2019,Dato sulla RMI 2017.pdf - Cuadro 2,Partial schedule; cap applies,True
ES52,Valencia,2017,Renta Garantizada de Ciudadanía,3,419.84,623.03,2017,True,2017 parameters carried forward to 2018-2019,Dato sulla RMI 2017.pdf - Cuadro 2,Partial schedule; cap applies,True
ES52,Valencia,2018,Renta Garantizada de Ciudadanía,3,419.84,623.03,2017,True,2017 parameters carried forward to 2018-2019,Dato sulla RMI 2017.pdf - Cuadro 2,Partial schedule; cap applies,True
ES52,Valencia,2019,Renta Garantizada de Ciudadanía,3,419.84,623.03,2017,True,2017 parameters carried forward to 2018-2019,Dato sulla RMI 2017.pdf - Cuadro 2,Partial schedule; cap applies,True
ES52,Valencia,2017,Renta Garantizada de Ciudadanía,4,438.64,623.03,2017,True,2017 parameters carried forward to 2018-2019,Dato sulla RMI 2017.pdf - Cuadro 2,Partial schedule; cap applies,True
ES52,Valencia,2018,Renta Garantizada de Ciudadanía,4,438.64,623.03,2017,True,2017 parameters carried forward to 2018-2019,Dato sulla RMI 2017.pdf - Cuadro 2,Partial schedule; cap applies,True
ES52,Valencia,2019,Renta Garantizada de Ciudadanía,4,438.64,623.03,2017,True,2017 parameters carried forward to 2018-2019,Dato sulla RMI 2017.pdf - Cuadro 2,Partial schedule; cap applies,True
ES52,Valencia,2017,Renta Garantizada de Ciudadanía,5,457.44,623.03,2017,True,2017 parameters carried forward to 2018-2019,Dato sulla RMI 2017.pdf - Cuadro 2,Partial schedule; cap applies,True
ES52,Valencia,2018,Renta Garantizada de Ciudadanía,5,457.44,623.03,2017,True,2017 parameters carried forward to 2018-2019,Dato sulla RMI 2017.pdf - Cuadro 2,Partial schedule; cap applies,True
ES52,Valencia,2019,Renta Garantizada de Ciudadanía,5,457.44,623.03,2017,True,2017 parameters carried forward to 2018-2019,Dato sulla RMI 2017.pdf - Cuadro 2,Partial schedule; cap applies,True
ES52,Valencia,2017,Renta Garantizada de Ciudadanía,6,476.24,623.03,2017,True,2017 parameters carried forward to 2018-2019,Dato sulla RMI 2017.pdf - Cuadro 2,Partial schedule; cap applies,True
ES52,Valencia,2018,Renta Garantizada de Ciudadanía,6,476.24,623.03,2017,True,2017 parameters carried forward to 2018-2019,Dato sulla RMI 2017.pdf - Cuadro 2,Partial schedule; cap applies,True
ES52,Valencia,2019,Renta Garantizada de Ciudadanía,6,476.24,623.03,2017,True,2017 parameters carried forward to 2018-2019,Dato sulla RMI 2017.pdf - Cuadro 2,Partial schedule; cap applies,True
ES52,Valencia,2017,Renta Garantizada de Ciudadanía,7,495.04,623.03,2017,True,2017 parameters carried forward to 2018-2019,Dato sulla RMI 2017.pdf - Cuadro 2,Partial schedule; cap applies,True
ES52,Valencia,2018,Renta Garantizada de Ciudadanía,7,495.04,623.03,2017,True,2017 parameters carried forward to 2018-2019,Dato sulla RMI 2017.pdf - Cuadro 2,Partial schedule; cap applies,True
ES52,Valencia,2019,Renta Garantizada de Ciudadanía,7,495.04,623.03,2017,True,2017 parameters carried forward to 2018-2019,Dato sulla RMI 2017.pdf - Cuadro 2,Partial schedule; cap applies,True
ES52,Valencia,2017,Renta Garantizada de Ciudadanía,8,513.84,623.03,2017,True,2017 parameters carried forward to 2018-2019,Dato sulla RMI 2017.pdf - Cuadro 2,Partial schedule; cap applies,True
ES52,Valencia,2018,Renta Garantizada de Ciudadanía,8,513.84,623.03,2017,True,2017 parameters carried forward to 2018-2019,Dato sulla RMI 2017.pdf - Cuadro 2,Partial schedule; cap applies,True
ES52,Valencia,2019,Renta Garantizada de Ciudadanía,8,513.84,623.03,2017,True,2017 parameters carried forward to 2018-2019,Dato sulla RMI 2017.pdf - Cuadro 2,Partial schedule; cap applies,True
