region_name_policy,program_name,minimum_age,maximum_age,age_exceptions,unit_duration_months_required,empadronamiento_months_required,residence_months_required,employment_rule_scope,activation_required,activation_scope,legal_unit_type,income_test_rule,income_threshold_type,asset_rule_type,asset_ecv_strategy,asset_rule_detail_available,source,notes,nuts_code,simulation_period,resource_concept_simulation,wealth_proxy_available_pre2020,wealth_proxy_strategy_pre2020,labour_proxy_strategy_pre2020,residence_conditions_imposed_in_simulation,activation_conditions_imposed_in_simulation,exact_legal_unit_observed,simulation_note_pre2020,source_year,year,assumption_no_change,assumption_note
Andalusia,Ingreso Mínimo de Solidaridad,25,65.0,,12,12,12,titular_or_adult_members_registration_required,True,adult_members,unidad_familiar,Guaranteed amount minus observed resources,family_size_schedule,resources_and_possible_assets,pre2020_rental_income_capital_income_hy120g_proxy,False,Dato sulla RMI 2017.pdf - Cuadro 3-2 / Cuadro 4,Adults 18+ in family unit may be bound by insertion commitment,ES61,pre_2020,income_before_transfers_monthly,True,rental_income_capital_income_hy120g,observable_labour_status_proxy,False,False,False,Full metadata table. Non-observed legal restrictions are documented but not intended to mechanically drive the main baseline entitlement simulation.,2017,2017,True,2017 parameters carried forward to 2018-2019
Andalusia,Ingreso Mínimo de Solidaridad,25,65.0,,12,12,12,titular_or_adult_members_registration_required,True,adult_members,unidad_familiar,Guaranteed amount minus observed resources,family_size_schedule,resources_and_possible_assets,pre2020_rental_income_capital_income_hy120g_proxy,False,Dato sulla RMI 2017.pdf - Cuadro 3-2 / Cuadro 4,Adults 18+ in family unit may be bound by insertion commitment,ES61,pre_2020,income_before_transfers_monthly,True,rental_income_capital_income_hy120g,observable_labour_status_proxy,False,False,False,Full metadata table. Non-observed legal restrictions are documented but not intended to mechanically drive the main baseline entitlement simulation.,2017,2018,True,2017 parameters carried forward to 2018-2019
Andalusia,Ingreso Mínimo de Solidaridad,25,65.0,,12,12,12,titular_or_adult_members_registration_required,True,adult_members,unidad_familiar,Guaranteed amount minus observed resources,family_size_schedule,resources_and_possible_assets,pre2020_rental_income_capital_income_hy120g_proxy,False,Dato sulla RMI 2017.pdf - Cuadro 3-2 / Cuadro 4,Adults 18+ in family unit may be bound by insertion commitment,ES61,pre_2020,income_before_transfers_monthly,True,rental_income_capital_income_hy120g,observable_labour_status_proxy,False,False,False,Full metadata table. Non-observed legal restrictions are documented but not intended to mechanically drive the main baseline entitlement simulation.,2017,2019,True,2017 parameters carried forward to 2018-2019
Aragon,Ingreso Aragonés de Inserción,18,,Minors with dependent minors or disability,0,12,12,unknown_from_summary,True,titular_or_family,unidad_familiar,Guaranteed amount minus observed resources,family_size_schedule,resources_and_possible_assets,pre2020_rental_income_capital_income_hy120g_proxy,False,Dato sulla RMI 2017.pdf - Cuadro 3-2 / Cuadro 4,Employment-registration requirement not cleanly pinned down from summary table,ES24,pre_2020,income_before_transfers_monthly,True,rental_income_capital_income_hy120g,observable_labour_status_proxy,False,False,False,Full metadata table. Non-observed legal restrictions are documented but not intended to mechanically drive the main baseline entitlement simulation.,2017,2017,True,2017 parameters carried forward to 2018-2019
Aragon,Ingreso Aragonés de Inserción,18,,Minors with dependent minors or disability,0,12,12,unknown_from_summary,True,titular_or_family,unidad_familiar,Guaranteed amount minus observed resources,family_size_schedule,resources_and_possible_assets,pre2020_rental_income_capital_income_hy120g_proxy,False,Dato sulla RMI 2017.pdf - Cuadro 3-2 / Cuadro 4,Employment-registration requirement not cleanly pinned down from summary table,ES24,pre_2020,income_before_transfers_monthly,True,rental_income_capital_income_hy120g,observable_labour_status_proxy,False,False,False,Full metadata table. Non-observed legal restrictions are documented but not intended to mechanically drive the main baseline entitlement simulation.,2017,2018,True,2017 parameters carried forward to 2018-2019
Aragon,Ingreso Aragonés de Inserción,18,,Minors with dependent minors or disability,0,12,12,unknown_from_summary,True,titular_or_family,unidad_familiar,Guaranteed amount minus observed resources,family_size_schedule,resources_and_possible_assets,pre2020_rental_income_capital_income_hy120g_proxy,False,Dato sulla RMI 2017.pdf - Cuadro 3-2 / Cuadro 4,Employment-registration requirement not cleanly pinned down from summary table,ES24,pre_2020,income_before_transfers_monthly,True,rental_income_capital_income_hy120g,observable_labour_status_proxy,False,False,False,Full metadata table. Non-observed legal restrictions are documented but not intended to mechanically drive the main baseline entitlement simulation.,2017,2019,True,2017 parameters carried forward to 2018-2019
Asturias,Salario Social Básico,25,,18+ under specific circumstances,6,0,24,registration_required_with_exceptions,True,titular_with_exemptions,unidad_convivencia_proxy,Guaranteed amount minus observed resources,family_size_schedule,resources_and_possible_assets,pre2020_rental_income_capital_income_hy120g_proxy,False,Dato sulla RMI 2017.pdf - Cuadro 3-2 / Cuadro 4,Registration required with pension/disability exceptions,ES12,pre_2020,income_before_transfers_monthly,True,rental_income_capital_income_hy120g,observable_labour_status_proxy,False,False,False,Full metadata table. Non-observed legal restrictions are documented but not intended to mechanically drive the main baseline entitlement simulation.,2017,2017,True,2017 parameters carried forward to 2018-2019
Asturias,Salario Social Básico,25,,18+ under specific circumstances,6,0,24,registration_required_with_exceptions,True,titular_with_exemptions,unidad_convivencia_proxy,Guaranteed amount minus observed resources,family_size_schedule,resources_and_possible_assets,pre2020_rental_income_capital_income_hy120g_proxy,False,Dato sulla RMI 2017.pdf - Cuadro 3-2 / Cuadro 4,Registration required with pension/disability exceptions,ES12,pre_2020,income_before_transfers_monthly,True,rental_income_capital_income_hy120g,observable_labour_status_proxy,False,False,False,Full metadata table. Non-observed legal restrictions are documented but not intended to mechanically drive the main baseline entitlement simulation.,2017,2018,True,2017 parameters carried forward to 2018-2019
Asturias,Salario Social Básico,25,,18+ under specific circumstances,6,0,24,registration_required_with_exceptions,True,titular_with_exemptions,unidad_convivencia_proxy,Guaranteed amount minus observed resources,family_size_schedule,resources_and_possible_assets,pre2020_rental_income_capital_income_hy120g_proxy,False,Dato sulla RMI 2017.pdf - Cuadro 3-2 / Cuadro 4,Registration required with pension/disability exceptions,ES12,pre_2020,income_before_transfers_monthly,True,rental_income_capital_income_hy120g,observable_labour_status_proxy,False,False,False,Full metadata table. Non-observed legal restrictions are documented but not intended to mechanically drive the main baseline entitlement simulation.,2017,2019,True,2017 parameters carried forward to 2018-2019
Balearic Islands,Renta Social Garantizada,25,,,6,0,36,no_registration_requirement,False,not_required_under_rsg,unidad_convivencia_proxy,Guaranteed amount minus observed resources,family_size_schedule,resources_and_possible_assets,pre2020_rental_income_capital_income_hy120g_proxy,False,Dato sulla RMI 2017.pdf - Cuadro 3-2 / Cuadro 4,Using later-2017 RSG regime,ES53,pre_2020,income_before_transfers_monthly,True,rental_income_capital_income_hy120g,observable_labour_status_proxy,False,False,False,Full metadata table. Non-observed legal restrictions are documented but not intended to mechanically drive the main baseline entitlement simulation.,2017,2017,True,2017 parameters carried forward to 2018-2019
Balearic Islands,Renta Social Garantizada,25,,,6,0,36,no_registration_requirement,False,not_required_under_rsg,unidad_convivencia_proxy,Guaranteed amount minus observed resources,family_size_schedule,resources_and_possible_assets,pre2020_rental_income_capital_income_hy120g_proxy,False,Dato sulla RMI 2017.pdf - Cuadro 3-2 / Cuadro 4,Using later-2017 RSG regime,ES53,pre_2020,income_before_transfers_monthly,True,rental_income_capital_income_hy120g,observable_labour_status_proxy,False,False,False,Full metadata table. Non-observed legal restrictions are documented but not intended to mechanically drive the main baseline entitlement simulation.,2017,2018,True,2017 parameters carried forward to 2018-2019
Balearic Islands,Renta Social Garantizada,25,,,6,0,36,no_registration_requirement,False,not_required_under_rsg,unidad_convivencia_proxy,Guaranteed amount minus observed resources,family_size_schedule,resources_and_possible_assets,pre2020_rental_income_capital_income_hy120g_proxy,False,Dato sulla RMI 2017.pdf - Cuadro 3-2 / Cuadro 4,Using later-2017 RSG regime,ES53,pre_2020,income_before_transfers_monthly,True,rental_income_capital_income_hy120g,observable_labour_status_proxy,False,False,False,Full metadata table. Non-observed legal restrictions are documented but not intended to mechanically drive the main baseline entitlement simulation.,2017,2019,True,2017 parameters carried forward to 2018-2019
Canary Islands,Prestación Canaria de Inserción,25,,,0,12,12,all_employable_members_registered,True,all_unit_members,unidad_convivencial,Guaranteed amount minus observed resources,family_size_schedule,resources_and_possible_assets,pre2020_rental_income_capital_income_hy120g_proxy,False,Dato sulla RMI 2017.pdf - Cuadro 3-2 / Cuadro 4,All employable unit members must be registered,ES70,pre_2020,income_before_transfers_monthly,True,rental_income_capital_income_hy120g,observable_labour_status_proxy,False,False,False,Full metadata table. Non-observed legal restrictions are documented but not intended to mechanically drive the main baseline entitlement simulation.,2017,2017,True,2017 parameters carried forward to 2018-2019
Canary Islands,Prestación Canaria de Inserción,25,,,0,12,12,all_employable_members_registered,True,all_unit_members,unidad_convivencial,Guaranteed amount minus observed resources,family_size_schedule,resources_and_possible_assets,pre2020_rental_income_capital_income_hy120g_proxy,False,Dato sulla RMI 2017.pdf - Cuadro 3-2 / Cuadro 4,All employable unit members must be registered,ES70,pre_2020,income_before_transfers_monthly,True,rental_income_capital_income_hy120g,observable_labour_status_proxy,False,False,False,Full metadata table. Non-observed legal restrictions are documented but not intended to mechanically drive the main baseline entitlement simulation.,2017,2018,True,2017 parameters carried forward to 2018-2019
Canary Islands,Prestación Canaria de Inserción,25,,,0,12,12,all_employable_members_registered,True,all_unit_members,unidad_convivencial,Guaranteed amount minus observed resources,family_size_schedule,resources_and_possible_assets,pre2020_rental_income_capital_income_hy120g_proxy,False,Dato sulla RMI 2017.pdf - Cuadro 3-2 / Cuadro 4,All employable unit members must be registered,ES70,pre_2020,income_before_transfers_monthly,True,rental_income_capital_income_hy120g,observable_labour_status_proxy,False,False,False,Full metadata table. Non-observed legal restrictions are documented but not intended to mechanically drive the main baseline entitlement simulation.,2017,2019,True,2017 parameters carried forward to 2018-2019
Cantabria,Renta Social Básica,23,,,12,12,12,registration_required,True,titular_or_unit_members,unidad_convivencia,Guaranteed amount minus observed resources,family_size_schedule,resources_and_patrimony,pre2020_rental_income_capital_income_hy120g_proxy,False,Dato sulla RMI 2017.pdf - Cuadro 3-2 / Cuadro 4,Joining-member unit-duration rule may matter,ES13,pre_2020,income_before_transfers_monthly,True,rental_income_capital_income_hy120g,observable_labour_status_proxy,False,False,False,Full metadata table. Non-observed legal restrictions are documented but not intended to mechanically drive the main baseline entitlement simulation.,2017,2017,True,2017 parameters carried forward to 2018-2019
Cantabria,Renta Social Básica,23,,,12,12,12,registration_required,True,titular_or_unit_members,unidad_convivencia,Guaranteed amount minus observed resources,family_size_schedule,resources_and_patrimony,pre2020_rental_income_capital_income_hy120g_proxy,False,Dato sulla RMI 2017.pdf - Cuadro 3-2 / Cuadro 4,Joining-member unit-duration rule may matter,ES13,pre_2020,income_before_transfers_monthly,True,rental_income_capital_income_hy120g,observable_labour_status_proxy,False,False,False,Full metadata table. Non-observed legal restrictions are documented but not intended to mechanically drive the main baseline entitlement simulation.,2017,2018,True,2017 parameters carried forward to 2018-2019
Cantabria,Renta Social Básica,23,,,12,12,12,registration_required,True,titular_or_unit_members,unidad_convivencia,Guaranteed amount minus observed resources,family_size_schedule,resources_and_patrimony,pre2020_rental_income_capital_income_hy120g_proxy,False,Dato sulla RMI 2017.pdf - Cuadro 3-2 / Cuadro 4,Joining-member unit-duration rule may matter,ES13,pre_2020,income_before_transfers_monthly,True,rental_income_capital_income_hy120g,observable_labour_status_proxy,False,False,False,Full metadata table. Non-observed legal restrictions are documented but not intended to mechanically drive the main baseline entitlement simulation.,2017,2019,True,2017 parameters carried forward to 2018-2019
Castilla-La Mancha,Ingreso Mínimo de Solidaridad,25,,,12,24,24,registration_required_with_exceptions,True,titular_and_family,unidad_familiar,Guaranteed amount minus observed resources,family_size_schedule,resources_and_possible_assets,pre2020_rental_income_capital_income_hy120g_proxy,False,Dato sulla RMI 2017.pdf - Cuadro 3-2 / Cuadro 4,Violence-against-women exception on employment registration,ES42,pre_2020,income_before_transfers_monthly,True,rental_income_capital_income_hy120g,observable_labour_status_proxy,False,False,False,Full metadata table. Non-observed legal restrictions are documented but not intended to mechanically drive the main baseline entitlement simulation.,2017,2017,True,2017 parameters carried forward to 2018-2019
Castilla-La Mancha,Ingreso Mínimo de Solidaridad,25,,,12,24,24,registration_required_with_exceptions,True,titular_and_family,unidad_familiar,Guaranteed amount minus observed resources,family_size_schedule,resources_and_possible_assets,pre2020_rental_income_capital_income_hy120g_proxy,False,Dato sulla RMI 2017.pdf - Cuadro 3-2 / Cuadro 4,Violence-against-women exception on employment registration,ES42,pre_2020,income_before_transfers_monthly,True,rental_income_capital_income_hy120g,observable_labour_status_proxy,False,False,False,Full metadata table. Non-observed legal restrictions are documented but not intended to mechanically drive the main baseline entitlement simulation.,2017,2018,True,2017 parameters carried forward to 2018-2019
Castilla-La Mancha,Ingreso Mínimo de Solidaridad,25,,,12,24,24,registration_required_with_exceptions,True,titular_and_family,unidad_familiar,Guaranteed amount minus observed resources,family_size_schedule,resources_and_possible_assets,pre2020_rental_income_capital_income_hy120g_proxy,False,Dato sulla RMI 2017.pdf - Cuadro 3-2 / Cuadro 4,Violence-against-women exception on employment registration,ES42,pre_2020,income_before_transfers_monthly,True,rental_income_capital_income_hy120g,observable_labour_status_proxy,False,False,False,Full metadata table. Non-observed legal restrictions are documented but not intended to mechanically drive the main baseline entitlement simulation.,2017,2019,True,2017 parameters carried forward to 2018-2019
Castilla y Leon,Renta Garantizada de Ciudadanía,25,,18+ emancipated / victims / exceptions,0,12,12,registration_required_with_exceptions,True,beneficiaries,unidad_convivencia_proxy,Guaranteed amount minus observed resources,family_size_schedule,resources_and_possible_assets,pre2020_rental_income_capital_income_hy120g_proxy,False,Dato sulla RMI 2017.pdf - Cuadro 3-2 / Cuadro 4,Residence and registration exceptions exist,ES41,pre_2020,income_before_transfers_monthly,True,rental_income_capital_income_hy120g,observable_labour_status_proxy,False,False,False,Full metadata table. Non-observed legal restrictions are documented but not intended to mechanically drive the main baseline entitlement simulation.,2017,2017,True,2017 parameters carried forward to 2018-2019
Castilla y Leon,Renta Garantizada de Ciudadanía,25,,18+ emancipated / victims / exceptions,0,12,12,registration_required_with_exceptions,True,beneficiaries,unidad_convivencia_proxy,Guaranteed amount minus observed resources,family_size_schedule,resources_and_possible_assets,pre2020_rental_income_capital_income_hy120g_proxy,False,Dato sulla RMI 2017.pdf - Cuadro 3-2 / Cuadro 4,Residence and registration exceptions exist,ES41,pre_2020,income_before_transfers_monthly,True,rental_income_capital_income_hy120g,observable_labour_status_proxy,False,False,False,Full metadata table. Non-observed legal restrictions are documented but not intended to mechanically drive the main baseline entitlement simulation.,2017,2018,True,2017 parameters carried forward to 2018-2019
Castilla y Leon,Renta Garantizada de Ciudadanía,25,,18+ emancipated / victims / exceptions,0,12,12,registration_required_with_exceptions,True,beneficiaries,unidad_convivencia_proxy,Guaranteed amount minus observed resources,family_size_schedule,resources_and_possible_assets,pre2020_rental_income_capital_income_hy120g_proxy,False,Dato sulla RMI 2017.pdf - Cuadro 3-2 / Cuadro 4,Residence and registration exceptions exist,ES41,pre_2020,income_before_transfers_monthly,True,rental_income_capital_income_hy120g,observable_labour_status_proxy,False,False,False,Full metadata table. Non-observed legal restrictions are documented but not intended to mechanically drive the main baseline entitlement simulation.,2017,2019,True,2017 parameters carried forward to 2018-2019
Catalonia,Renta Garantizada de Ciudadanía (RGC),25,,18+ with children / exceptions,12,0,24,no_registration_requirement,True,titular,unidad_familiar_proxy,Guaranteed amount minus observed resources,family_size_schedule,resources_and_possible_assets,pre2020_rental_income_capital_income_hy120g_proxy,False,Dato sulla RMI 2017.pdf - Cuadro 3-2 / Cuadro 4,No employment-registration requirement in summary table,ES51,pre_2020,income_before_transfers_monthly,True,rental_income_capital_income_hy120g,observable_labour_status_proxy,False,False,False,Full metadata table. Non-observed legal restrictions are documented but not intended to mechanically drive the main baseline entitlement simulation.,2017,2017,True,2017 parameters carried forward to 2018-2019
Catalonia,Renta Garantizada de Ciudadanía (RGC),25,,18+ with children / exceptions,12,0,24,no_registration_requirement,True,titular,unidad_familiar_proxy,Guaranteed amount minus observed resources,family_size_schedule,resources_and_possible_assets,pre2020_rental_income_capital_income_hy120g_proxy,False,Dato sulla RMI 2017.pdf - Cuadro 3-2 / Cuadro 4,No employment-registration requirement in summary table,ES51,pre_2020,income_before_transfers_monthly,True,rental_income_capital_income_hy120g,observable_labour_status_proxy,False,False,False,Full metadata table. Non-observed legal restrictions are documented but not intended to mechanically drive the main baseline entitlement simulation.,2017,2018,True,2017 parameters carried forward to 2018-2019
Catalonia,Renta Garantizada de Ciudadanía (RGC),25,,18+ with children / exceptions,12,0,24,no_registration_requirement,True,titular,unidad_familiar_proxy,Guaranteed amount minus observed resources,family_size_schedule,resources_and_possible_assets,pre2020_rental_income_capital_income_hy120g_proxy,False,Dato sulla RMI 2017.pdf - Cuadro 3-2 / Cuadro 4,No employment-registration requirement in summary table,ES51,pre_2020,income_before_transfers_monthly,True,rental_income_capital_income_hy120g,observable_labour_status_proxy,False,False,False,Full metadata table. Non-observed legal restrictions are documented but not intended to mechanically drive the main baseline entitlement simulation.,2017,2019,True,2017 parameters carried forward to 2018-2019
Ceuta,Ingreso Mínimo de Inserción Social,25,,,6,0,12,registration_required,True,titular_or_unit_members,unidad_convivencia,Guaranteed amount minus observed resources,family_size_schedule,resources_and_possible_assets,pre2020_rental_income_capital_income_hy120g_proxy,False,Dato sulla RMI 2017.pdf - Cuadro 3-2 / Cuadro 4,Non-EU residence extension not simulated separately,ES63,pre_2020,income_before_transfers_monthly,True,rental_income_capital_income_hy120g,observable_labour_status_proxy,False,False,False,Full metadata table. Non-observed legal restrictions are documented but not intended to mechanically drive the main baseline entitlement simulation.,2017,2017,True,2017 parameters carried forward to 2018-2019
Ceuta,Ingreso Mínimo de Inserción Social,25,,,6,0,12,registration_required,True,titular_or_unit_members,unidad_convivencia,Guaranteed amount minus observed resources,family_size_schedule,resources_and_possible_assets,pre2020_rental_income_capital_income_hy120g_proxy,False,Dato sulla RMI 2017.pdf - Cuadro 3-2 / Cuadro 4,Non-EU residence extension not simulated separately,ES63,pre_2020,income_before_transfers_monthly,True,rental_income_capital_income_hy120g,observable_labour_status_proxy,False,False,False,Full metadata table. Non-observed legal restrictions are documented but not intended to mechanically drive the main baseline entitlement simulation.,2017,2018,True,2017 parameters carried forward to 2018-2019
Ceuta,Ingreso Mínimo de Inserción Social,25,,,6,0,12,registration_required,True,titular_or_unit_members,unidad_convivencia,Guaranteed amount minus observed resources,family_size_schedule,resources_and_possible_assets,pre2020_rental_income_capital_income_hy120g_proxy,False,Dato sulla RMI 2017.pdf - Cuadro 3-2 / Cuadro 4,Non-EU residence extension not simulated separately,ES63,pre_2020,income_before_transfers_monthly,True,rental_income_capital_income_hy120g,observable_labour_status_proxy,False,False,False,Full metadata table. Non-observed legal restrictions are documented but not intended to mechanically drive the main baseline entitlement simulation.,2017,2019,True,2017 parameters carried forward to 2018-2019
Extremadura,Renta Básica Extremeña de Inserción,25,,,0,12,12,not_prior_requirement,True,titular_and_family,unidad_familiar_proxy,Guaranteed amount minus observed resources,family_size_schedule,resources_and_possible_assets,pre2020_rental_income_capital_income_hy120g_proxy,False,Dato sulla RMI 2017.pdf - Cuadro 3-2 / Cuadro 4,Employment registration not a prior requirement,ES43,pre_2020,income_before_transfers_monthly,True,rental_income_capital_income_hy120g,observable_labour_status_proxy,False,False,False,Full metadata table. Non-observed legal restrictions are documented but not intended to mechanically drive the main baseline entitlement simulation.,2017,2017,True,2017 parameters carried forward to 2018-2019
Extremadura,Renta Básica Extremeña de Inserción,25,,,0,12,12,not_prior_requirement,True,titular_and_family,unidad_familiar_proxy,Guaranteed amount minus observed resources,family_size_schedule,resources_and_possible_assets,pre2020_rental_income_capital_income_hy120g_proxy,False,Dato sulla RMI 2017.pdf - Cuadro 3-2 / Cuadro 4,Employment registration not a prior requirement,ES43,pre_2020,income_before_transfers_monthly,True,rental_income_capital_income_hy120g,observable_labour_status_proxy,False,False,False,Full metadata table. Non-observed legal restrictions are documented but not intended to mechanically drive the main baseline entitlement simulation.,2017,2018,True,2017 parameters carried forward to 2018-2019
Extremadura,Renta Básica Extremeña de Inserción,25,,,0,12,12,not_prior_requirement,True,titular_and_family,unidad_familiar_proxy,Guaranteed amount minus observed resources,family_size_schedule,resources_and_possible_assets,pre2020_rental_income_capital_income_hy120g_proxy,False,Dato sulla RMI 2017.pdf - Cuadro 3-2 / Cuadro 4,Employment registration not a prior requirement,ES43,pre_2020,income_before_transfers_monthly,True,rental_income_capital_income_hy120g,observable_labour_status_proxy,False,False,False,Full metadata table. Non-observed legal restrictions are documented but not intended to mechanically drive the main baseline entitlement simulation.,2017,2019,True,2017 parameters carried forward to 2018-2019
Galicia,Renta de Inclusión Social (RISGA),25,,,0,6,6,registration_required_with_exceptions,True,titular_and_family,unidad_familiar_proxy,Guaranteed amount minus observed resources,family_size_schedule,resources_and_possible_assets,pre2020_rental_income_capital_income_hy120g_proxy,False,Dato sulla RMI 2017.pdf - Cuadro 3-2 / Cuadro 4,Registration required in some cases / exceptions,ES11,pre_2020,income_before_transfers_monthly,True,rental_income_capital_income_hy120g,observable_labour_status_proxy,False,False,False,Full metadata table. Non-observed legal restrictions are documented but not intended to mechanically drive the main baseline entitlement simulation.,2017,2017,True,2017 parameters carried forward to 2018-2019
Galicia,Renta de Inclusión Social (RISGA),25,,,0,6,6,registration_required_with_exceptions,True,titular_and_family,unidad_familiar_proxy,Guaranteed amount minus observed resources,family_size_schedule,resources_and_possible_assets,pre2020_rental_income_capital_income_hy120g_proxy,False,Dato sulla RMI 2017.pdf - Cuadro 3-2 / Cuadro 4,Registration required in some cases / exceptions,ES11,pre_2020,income_before_transfers_monthly,True,rental_income_capital_income_hy120g,observable_labour_status_proxy,False,False,False,Full metadata table. Non-observed legal restrictions are documented but not intended to mechanically drive the main baseline entitlement simulation.,2017,2018,True,2017 parameters carried forward to 2018-2019
Galicia,Renta de Inclusión Social (RISGA),25,,,0,6,6,registration_required_with_exceptions,True,titular_and_family,unidad_familiar_proxy,Guaranteed amount minus observed resources,family_size_schedule,resources_and_possible_assets,pre2020_rental_income_capital_income_hy120g_proxy,False,Dato sulla RMI 2017.pdf - Cuadro 3-2 / Cuadro 4,Registration required in some cases / exceptions,ES11,pre_2020,income_before_transfers_monthly,True,rental_income_capital_income_hy120g,observable_labour_status_proxy,False,False,False,Full metadata table. Non-observed legal restrictions are documented but not intended to mechanically drive the main baseline entitlement simulation.,2017,2019,True,2017 parameters carried forward to 2018-2019
Madrid,Renta Mínima de Inserción,25,,,6,12,12,no_registration_requirement,True,titular_and_adult_unit_members,unidad_convivencia,Guaranteed amount minus observed resources,family_size_schedule,resources_and_possible_assets,pre2020_rental_income_capital_income_hy120g_proxy,False,Dato sulla RMI 2017.pdf - Cuadro 3-2 / Cuadro 4,No employment-registration requirement in summary table,ES30,pre_2020,income_before_transfers_monthly,True,rental_income_capital_income_hy120g,observable_labour_status_proxy,False,False,False,Full metadata table. Non-observed legal restrictions are documented but not intended to mechanically drive the main baseline entitlement simulation.,2017,2017,True,2017 parameters carried forward to 2018-2019
Madrid,Renta Mínima de Inserción,25,,,6,12,12,no_registration_requirement,True,titular_and_adult_unit_members,unidad_convivencia,Guaranteed amount minus observed resources,family_size_schedule,resources_and_possible_assets,pre2020_rental_income_capital_income_hy120g_proxy,False,Dato sulla RMI 2017.pdf - Cuadro 3-2 / Cuadro 4,No employment-registration requirement in summary table,ES30,pre_2020,income_before_transfers_monthly,True,rental_income_capital_income_hy120g,observable_labour_status_proxy,False,False,False,Full metadata table. Non-observed legal restrictions are documented but not intended to mechanically drive the main baseline entitlement simulation.,2017,2018,True,2017 parameters carried forward to 2018-2019
Madrid,Renta Mínima de Inserción,25,,,6,12,12,no_registration_requirement,True,titular_and_adult_unit_members,unidad_convivencia,Guaranteed amount minus observed resources,family_size_schedule,resources_and_possible_assets,pre2020_rental_income_capital_income_hy120g_proxy,False,Dato sulla RMI 2017.pdf - Cuadro 3-2 / Cuadro 4,No employment-registration requirement in summary table,ES30,pre_2020,income_before_transfers_monthly,True,rental_income_capital_income_hy120g,observable_labour_status_proxy,False,False,False,Full metadata table. Non-observed legal restrictions are documented but not intended to mechanically drive the main baseline entitlement simulation.,2017,2019,True,2017 parameters carried forward to 2018-2019
Melilla,Ingreso Melillense de Integración / Prestación Básica Familiar,25,,,18,36,36,registration_required,True,titular_and_unit_members,unidad_convivencia,Guaranteed amount minus observed resources,family_size_schedule,resources_and_possible_assets,pre2020_rental_income_capital_income_hy120g_proxy,False,Dato sulla RMI 2017.pdf - Cuadro 3-2 / Cuadro 4,,ES64,pre_2020,income_before_transfers_monthly,True,rental_income_capital_income_hy120g,observable_labour_status_proxy,False,False,False,Full metadata table. Non-observed legal restrictions are documented but not intended to mechanically drive the main baseline entitlement simulation.,2017,2017,True,2017 parameters carried forward to 2018-2019
Melilla,Ingreso Melillense de Integración / Prestación Básica Familiar,25,,,18,36,36,registration_required,True,titular_and_unit_members,unidad_convivencia,Guaranteed amount minus observed resources,family_size_schedule,resources_and_possible_assets,pre2020_rental_income_capital_income_hy120g_proxy,False,Dato sulla RMI 2017.pdf - Cuadro 3-2 / Cuadro 4,,ES64,pre_2020,income_before_transfers_monthly,True,rental_income_capital_income_hy120g,observable_labour_status_proxy,False,False,False,Full metadata table. Non-observed legal restrictions are documented but not intended to mechanically drive the main baseline entitlement simulation.,2017,2018,True,2017 parameters carried forward to 2018-2019
Melilla,Ingreso Melillense de Integración / Prestación Básica Familiar,25,,,18,36,36,registration_required,True,titular_and_unit_members,unidad_convivencia,Guaranteed amount minus observed resources,family_size_schedule,resources_and_possible_assets,pre2020_rental_income_capital_income_hy120g_proxy,False,Dato sulla RMI 2017.pdf - Cuadro 3-2 / Cuadro 4,,ES64,pre_2020,income_before_transfers_monthly,True,rental_income_capital_income_hy120g,observable_labour_status_proxy,False,False,False,Full metadata table. Non-observed legal restrictions are documented but not intended to mechanically drive the main baseline entitlement simulation.,2017,2019,True,2017 parameters carried forward to 2018-2019
Murcia,Renta Básica de Inserción,25,,,0,12,60,no_registration_requirement,True,titular_and_unit_members,unidad_de_convivencia,Guaranteed amount minus observed resources,formula_gap,explicit_wealth_rule_available,pre2020_rental_income_capital_income_hy120g_proxy,True,Dato sulla RMI 2017.pdf - Cuadro 3-2 / Cuadro 4,Murcia corrected: 5 years residence and no registration requirement,ES62,pre_2020,income_before_transfers_monthly,True,rental_income_capital_income_hy120g,observable_labour_status_proxy,False,False,False,Full metadata table. Non-observed legal restrictions are documented but not intended to mechanically drive the main baseline entitlement simulation.,2017,2017,True,2017 parameters carried forward to 2018-2019
Murcia,Renta Básica de Inserción,25,,,0,12,60,no_registration_requirement,True,titular_and_unit_members,unidad_de_convivencia,Guaranteed amount minus observed resources,formula_gap,explicit_wealth_rule_available,pre2020_rental_income_capital_income_hy120g_proxy,True,Dato sulla RMI 2017.pdf - Cuadro 3-2 / Cuadro 4,Murcia corrected: 5 years residence and no registration requirement,ES62,pre_2020,income_before_transfers_monthly,True,rental_income_capital_income_hy120g,observable_labour_status_proxy,False,False,False,Full metadata table. Non-observed legal restrictions are documented but not intended to mechanically drive the main baseline entitlement simulation.,2017,2018,True,2017 parameters carried forward to 2018-2019
Murcia,Renta Básica de Inserción,25,,,0,12,60,no_registration_requirement,True,titular_and_unit_members,unidad_de_convivencia,Guaranteed amount minus observed resources,formula_gap,explicit_wealth_rule_available,pre2020_rental_income_capital_income_hy120g_proxy,True,Dato sulla RMI 2017.pdf - Cuadro 3-2 / Cuadro 4,Murcia corrected: 5 years residence and no registration requirement,ES62,pre_2020,income_before_transfers_monthly,True,rental_income_capital_income_hy120g,observable_labour_status_proxy,False,False,False,Full metadata table. Non-observed legal restrictions are documented but not intended to mechanically drive the main baseline entitlement simulation.,2017,2019,True,2017 parameters carried forward to 2018-2019
Navarra,Renta Garantizada,18,,18+ emancipated with children / young one-person special rule,0,24,24,registration_required,True,inclusion_pathway,unidad_familiar_proxy,Guaranteed amount minus observed resources,family_size_schedule,resources_and_possible_assets,pre2020_rental_income_capital_income_hy120g_proxy,False,Dato sulla RMI 2017.pdf - Cuadro 3-2 / Cuadro 4,Young one-person special rule not fully simulated,ES22,pre_2020,income_before_transfers_monthly,True,rental_income_capital_income_hy120g,observable_labour_status_proxy,False,False,False,Full metadata table. Non-observed legal restrictions are documented but not intended to mechanically drive the main baseline entitlement simulation.,2017,2017,True,2017 parameters carried forward to 2018-2019
Navarra,Renta Garantizada,18,,18+ emancipated with children / young one-person special rule,0,24,24,registration_required,True,inclusion_pathway,unidad_familiar_proxy,Guaranteed amount minus observed resources,family_size_schedule,resources_and_possible_assets,pre2020_rental_income_capital_income_hy120g_proxy,False,Dato sulla RMI 2017.pdf - Cuadro 3-2 / Cuadro 4,Young one-person special rule not fully simulated,ES22,pre_2020,income_before_transfers_monthly,True,rental_income_capital_income_hy120g,observable_labour_status_proxy,False,False,False,Full metadata table. Non-observed legal restrictions are documented but not intended to mechanically drive the main baseline entitlement simulation.,2017,2018,True,2017 parameters carried forward to 2018-2019
Navarra,Renta Garantizada,18,,18+ emancipated with children / young one-person special rule,0,24,24,registration_required,True,inclusion_pathway,unidad_familiar_proxy,Guaranteed amount minus observed resources,family_size_schedule,resources_and_possible_assets,pre2020_rental_income_capital_income_hy120g_proxy,False,Dato sulla RMI 2017.pdf - Cuadro 3-2 / Cuadro 4,Young one-person special rule not fully simulated,ES22,pre_2020,income_before_transfers_monthly,True,rental_income_capital_income_hy120g,observable_labour_status_proxy,False,False,False,Full metadata table. Non-observed legal restrictions are documented but not intended to mechanically drive the main baseline entitlement simulation.,2017,2019,True,2017 parameters carried forward to 2018-2019
Basque Country,Renta de Garantía de Ingresos,23,,,12,12,36,registration_required_with_exceptions,True,titular_and_unit_members,unidad_convivencia,Guaranteed amount minus observed resources,family_size_schedule,resources_and_possible_assets,pre2020_rental_income_capital_income_hy120g_proxy,False,Dato sulla RMI 2017.pdf - Cuadro 3-2 / Cuadro 4,Long residence rule with exceptions,ES21,pre_2020,income_before_transfers_monthly,True,rental_income_capital_income_hy120g,observable_labour_status_proxy,False,False,False,Full metadata table. Non-observed legal restrictions are documented but not intended to mechanically drive the main baseline entitlement simulation.,2017,2017,True,2017 parameters carried forward to 2018-2019
Basque Country,Renta de Garantía de Ingresos,23,,,12,12,36,registration_required_with_exceptions,True,titular_and_unit_members,unidad_convivencia,Guaranteed amount minus observed resources,family_size_schedule,resources_and_possible_assets,pre2020_rental_income_capital_income_hy120g_proxy,False,Dato sulla RMI 2017.pdf - Cuadro 3-2 / Cuadro 4,Long residence rule with exceptions,ES21,pre_2020,income_before_transfers_monthly,True,rental_income_capital_income_hy120g,observable_labour_status_proxy,False,False,False,Full metadata table. Non-observed legal restrictions are documented but not intended to mechanically drive the main baseline entitlement simulation.,2017,2018,True,2017 parameters carried forward to 2018-2019
Basque Country,Renta de Garantía de Ingresos,23,,,12,12,36,registration_required_with_exceptions,True,titular_and_unit_members,unidad_convivencia,Guaranteed amount minus observed resources,family_size_schedule,resources_and_possible_assets,pre2020_rental_income_capital_income_hy120g_proxy,False,Dato sulla RMI 2017.pdf - Cuadro 3-2 / Cuadro 4,Long residence rule with exceptions,ES21,pre_2020,income_before_transfers_monthly,True,rental_income_capital_income_hy120g,observable_labour_status_proxy,False,False,False,Full metadata table. Non-observed legal restrictions are documented but not intended to mechanically drive the main baseline entitlement simulation.,2017,2019,True,2017 parameters carried forward to 2018-2019
La Rioja,Renta de Ciudadanía,23,,,12,12,12,mixed_by_scheme,True,titular_with_employment_system,unidad_familiar_proxy,Guaranteed amount minus observed resources,family_size_schedule,resources_and_possible_assets,pre2020_rental_income_capital_income_hy120g_proxy,False,Dato sulla RMI 2017.pdf - Cuadro 3-2 / Cuadro 4,La Rioja mixed by scheme,ES23,pre_2020,income_before_transfers_monthly,True,rental_income_capital_income_hy120g,observable_labour_status_proxy,False,False,False,Full metadata table. Non-observed legal restrictions are documented but not intended to mechanically drive the main baseline entitlement simulation.,2017,2017,True,2017 parameters carried forward to 2018-2019
La Rioja,Renta de Ciudadanía,23,,,12,12,12,mixed_by_scheme,True,titular_with_employment_system,unidad_familiar_proxy,Guaranteed amount minus observed resources,family_size_schedule,resources_and_possible_assets,pre2020_rental_income_capital_income_hy120g_proxy,False,Dato sulla RMI 2017.pdf - Cuadro 3-2 / Cuadro 4,La Rioja mixed by scheme,ES23,pre_2020,income_before_transfers_monthly,True,rental_income_capital_income_hy120g,observable_labour_status_proxy,False,False,False,Full metadata table. Non-observed legal restrictions are documented but not intended to mechanically drive the main baseline entitlement simulation.,2017,2018,True,2017 parameters carried forward to 2018-2019
La Rioja,Renta de Ciudadanía,23,,,12,12,12,mixed_by_scheme,True,titular_with_employment_system,unidad_familiar_proxy,Guaranteed amount minus observed resources,family_size_schedule,resources_and_possible_assets,pre2020_rental_income_capital_income_hy120g_proxy,False,Dato sulla RMI 2017.pdf - Cuadro 3-2 / Cuadro 4,La Rioja mixed by scheme,ES23,pre_2020,income_before_transfers_monthly,True,rental_income_capital_income_hy120g,observable_labour_status_proxy,False,False,False,Full metadata table. Non-observed legal restrictions are documented but not intended to mechanically drive the main baseline entitlement simulation.,2017,2019,True,2017 parameters carried forward to 2018-2019
Valencia,Renta Garantizada de Ciudadanía,23,,18+ with children,24,24,24,no_registration_requirement,True,titular_and_unit_members,unidad_convivencia,Guaranteed amount minus observed resources,family_size_schedule,resources_and_patrimonial_income,pre2020_rental_income_capital_income_hy120g_proxy,False,Dato sulla RMI 2017.pdf - Cuadro 3-2 / Cuadro 4,No employment-registration requirement in summary table,ES52,pre_2020,income_before_transfers_monthly,True,rental_income_capital_income_hy120g,observable_labour_status_proxy,False,False,False,Full metadata table. Non-observed legal restrictions are documented but not intended to mechanically drive the main baseline entitlement simulation.,2017,2017,True,2017 parameters carried forward to 2018-2019
Valencia,Renta Garantizada de Ciudadanía,23,,18+ with children,24,24,24,no_registration_requirement,True,titular_and_unit_members,unidad_convivencia,Guaranteed amount minus observed resources,family_size_schedule,resources_and_patrimonial_income,pre2020_rental_income_capital_income_hy120g_proxy,False,Dato sulla RMI 2017.pdf - Cuadro 3-2 / Cuadro 4,No employment-registration requirement in summary table,ES52,pre_2020,income_before_transfers_monthly,True,rental_income_capital_income_hy120g,observable_labour_status_proxy,False,False,False,Full metadata table. Non-observed legal restrictions are documented but not intended to mechanically drive the main baseline entitlement simulation.,2017,2018,True,2017 parameters carried forward to 2018-2019
Valencia,Renta Garantizada de Ciudadanía,23,,18+ with children,24,24,24,no_registration_requirement,True,titular_and_unit_members,unidad_convivencia,Guaranteed amount minus observed resources,family_size_schedule,resources_and_patrimonial_income,pre2020_rental_income_capital_income_hy120g_proxy,False,Dato sulla RMI 2017.pdf - Cuadro 3-2 / Cuadro 4,No employment-registration requirement in summary table,ES52,pre_2020,income_before_transfers_monthly,True,rental_income_capital_income_hy120g,observable_labour_status_proxy,False,False,False,Full metadata table. Non-observed legal restrictions are documented but not intended to mechanically drive the main baseline entitlement simulation.,2017,2019,True,2017 parameters carried forward to 2018-2019
