region,program_name,hh_size,guaranteed_amount,max_amount,hh_rule_type,simple_schedule,amount_simulable,amount_simulation_notes,source,notes,nuts_code,source_year,year,assumption_no_change,assumption_note
Andalusia,Ingreso Mínimo de Solidaridad,1.0,406.22,655.2,size_schedule,True,True,,Dato sulla RMI 2017.pdf - Cuadro 2,,ES61,2017,2017,True,2017 parameters carried forward to 2018-2019
Andalusia,Ingreso Mínimo de Solidaridad,1.0,406.22,655.2,size_schedule,True,True,,Dato sulla RMI 2017.pdf - Cuadro 2,,ES61,2017,2018,True,2017 parameters carried forward to 2018-2019
Andalusia,Ingreso Mínimo de Solidaridad,1.0,406.22,655.2,size_schedule,True,True,,Dato sulla RMI 2017.pdf - Cuadro 2,,ES61,2017,2019,True,2017 parameters carried forward to 2018-2019
Andalusia,Ingreso Mínimo de Solidaridad,2.0,406.22,655.2,size_schedule,True,True,,Dato sulla RMI 2017.pdf - Cuadro 2,,ES61,2017,2017,True,2017 parameters carried forward to 2018-2019
Andalusia,Ingreso Mínimo de Solidaridad,2.0,406.22,655.2,size_schedule,True,True,,Dato sulla RMI 2017.pdf - Cuadro 2,,ES61,2017,2018,True,2017 parameters carried forward to 2018-2019
Andalusia,Ingreso Mínimo de Solidaridad,2.0,406.22,655.2,size_schedule,True,True,,Dato sulla RMI 2017.pdf - Cuadro 2,,ES61,2017,2019,True,2017 parameters carried forward to 2018-2019
Andalusia,Ingreso Mínimo de Solidaridad,3.0,458.64,655.2,size_schedule,True,True,,Dato sulla RMI 2017.pdf - Cuadro 2,,ES61,2017,2017,True,2017 parameters carried forward to 2018-2019
Andalusia,Ingreso Mínimo de Solidaridad,3.0,458.64,655.2,size_schedule,True,True,,Dato sulla RMI 2017.pdf - Cuadro 2,,ES61,2017,2018,True,2017 parameters carried forward to 2018-2019
Andalusia,Ingreso Mínimo de Solidaridad,3.0,458.64,655.2,size_schedule,True,True,,Dato sulla RMI 2017.pdf - Cuadro 2,,ES61,2017,2019,True,2017 parameters carried forward to 2018-2019
Andalusia,Ingreso Mínimo de Solidaridad,4.0,511.06,655.2,size_schedule,True,True,,Dato sulla RMI 2017.pdf - Cuadro 2,,ES61,2017,2017,True,2017 parameters carried forward to 2018-2019
Andalusia,Ingreso Mínimo de Solidaridad,4.0,511.06,655.2,size_schedule,True,True,,Dato sulla RMI 2017.pdf - Cuadro 2,,ES61,2017,2018,True,2017 parameters carried forward to 2018-2019
Andalusia,Ingreso Mínimo de Solidaridad,4.0,511.06,655.2,size_schedule,True,True,,Dato sulla RMI 2017.pdf - Cuadro 2,,ES61,2017,2019,True,2017 parameters carried forward to 2018-2019
Andalusia,Ingreso Mínimo de Solidaridad,5.0,563.48,655.2,size_schedule,True,True,,Dato sulla RMI 2017.pdf - Cuadro 2,,ES61,2017,2017,True,2017 parameters carried forward to 2018-2019
Andalusia,Ingreso Mínimo de Solidaridad,5.0,563.48,655.2,size_schedule,True,True,,Dato sulla RMI 2017.pdf - Cuadro 2,,ES61,2017,2018,True,2017 parameters carried forward to 2018-2019
Andalusia,Ingreso Mínimo de Solidaridad,5.0,563.48,655.2,size_schedule,True,True,,Dato sulla RMI 2017.pdf - Cuadro 2,,ES61,2017,2019,True,2017 parameters carried forward to 2018-2019
Andalusia,Ingreso Mínimo de Solidaridad,6.0,615.9,655.2,size_schedule,True,True,,Dato sulla RMI 2017.pdf - Cuadro 2,,ES61,2017,2017,True,2017 parameters carried forward to 2018-2019
Andalusia,Ingreso Mínimo de Solidaridad,6.0,615.9,655.2,size_schedule,True,True,,Dato sulla RMI 2017.pdf - Cuadro 2,,ES61,2017,2018,True,2017 parameters carried forward to 2018-2019
Andalusia,Ingreso Mínimo de Solidaridad,6.0,615.9,655.2,size_schedule,True,True,,Dato sulla RMI 2017.pdf - Cuadro 2,,ES61,2017,2019,True,2017 parameters carried forward to 2018-2019
Andalusia,Ingreso Mínimo de Solidaridad,7.0,655.2,655.2,size_schedule,True,True,,Dato sulla RMI 2017.pdf - Cuadro 2,,ES61,2017,2017,True,2017 parameters carried forward to 2018-2019
Andalusia,Ingreso Mínimo de Solidaridad,7.0,655.2,655.2,size_schedule,True,True,,Dato sulla RMI 2017.pdf - Cuadro 2,,ES61,2017,2018,True,2017 parameters carried forward to 2018-2019
Andalusia,Ingreso Mínimo de Solidaridad,7.0,655.2,655.2,size_schedule,True,True,,Dato sulla RMI 2017.pdf - Cuadro 2,,ES61,2017,2019,True,2017 parameters carried forward to 2018-2019
Aragon,Ingreso Aragonés de Inserción,1.0,472.0,707.0,size_schedule,True,True,Apply cap at 707.00,Dato sulla RMI 2017.pdf - Cuadro 2,Apply cap at 707.00,ES24,2017,2017,True,2017 parameters carried forward to 2018-2019
Aragon,Ingreso Aragonés de Inserción,1.0,472.0,707.0,size_schedule,True,True,Apply cap at 707.00,Dato sulla RMI 2017.pdf - Cuadro 2,Apply cap at 707.00,ES24,2017,2018,True,2017 parameters carried forward to 2018-2019
Aragon,Ingreso Aragonés de Inserción,1.0,472.0,707.0,size_schedule,True,True,Apply cap at 707.00,Dato sulla RMI 2017.pdf - Cuadro 2,Apply cap at 707.00,ES24,2017,2019,True,2017 parameters carried forward to 2018-2019
Aragon,Ingreso Aragonés de Inserción,2.0,613.6,707.0,size_schedule,True,True,Apply cap at 707.00,Dato sulla RMI 2017.pdf - Cuadro 2,Apply cap at 707.00,ES24,2017,2017,True,2017 parameters carried forward to 2018-2019
Aragon,Ingreso Aragonés de Inserción,2.0,613.6,707.0,size_schedule,True,True,Apply cap at 707.00,Dato sulla RMI 2017.pdf - Cuadro 2,Apply cap at 707.00,ES24,2017,2018,True,2017 parameters carried forward to 2018-2019
Aragon,Ingreso Aragonés de Inserción,2.0,613.6,707.0,size_schedule,True,True,Apply cap at 707.00,Dato sulla RMI 2017.pdf - Cuadro 2,Apply cap at 707.00,ES24,2017,2019,True,2017 parameters carried forward to 2018-2019
Aragon,Ingreso Aragonés de Inserción,3.0,708.0,707.0,size_schedule,True,True,Apply cap at 707.00,Dato sulla RMI 2017.pdf - Cuadro 2,Apply cap at 707.00,ES24,2017,2017,True,2017 parameters carried forward to 2018-2019
Aragon,Ingreso Aragonés de Inserción,3.0,708.0,707.0,size_schedule,True,True,Apply cap at 707.00,Dato sulla RMI 2017.pdf - Cuadro 2,Apply cap at 707.00,ES24,2017,2018,True,2017 parameters carried forward to 2018-2019
Aragon,Ingreso Aragonés de Inserción,3.0,708.0,707.0,size_schedule,True,True,Apply cap at 707.00,Dato sulla RMI 2017.pdf - Cuadro 2,Apply cap at 707.00,ES24,2017,2019,True,2017 parameters carried forward to 2018-2019
Aragon,Ingreso Aragonés de Inserción,4.0,802.4,707.0,size_schedule,True,True,Apply cap at 707.00,Dato sulla RMI 2017.pdf - Cuadro 2,Apply cap at 707.00,ES24,2017,2017,True,2017 parameters carried forward to 2018-2019
Aragon,Ingreso Aragonés de Inserción,4.0,802.4,707.0,size_schedule,True,True,Apply cap at 707.00,Dato sulla RMI 2017.pdf - Cuadro 2,Apply cap at 707.00,ES24,2017,2018,True,2017 parameters carried forward to 2018-2019
Aragon,Ingreso Aragonés de Inserción,4.0,802.4,707.0,size_schedule,True,True,Apply cap at 707.00,Dato sulla RMI 2017.pdf - Cuadro 2,Apply cap at 707.00,ES24,2017,2019,True,2017 parameters carried forward to 2018-2019
Aragon,Ingreso Aragonés de Inserción,5.0,849.6,707.0,size_schedule,True,True,Apply cap at 707.00,Dato sulla RMI 2017.pdf - Cuadro 2,Apply cap at 707.00,ES24,2017,2017,True,2017 parameters carried forward to 2018-2019
Aragon,Ingreso Aragonés de Inserción,5.0,849.6,707.0,size_schedule,True,True,Apply cap at 707.00,Dato sulla RMI 2017.pdf - Cuadro 2,Apply cap at 707.00,ES24,2017,2018,True,2017 parameters carried forward to 2018-2019
Aragon,Ingreso Aragonés de Inserción,5.0,849.6,707.0,size_schedule,True,True,Apply cap at 707.00,Dato sulla RMI 2017.pdf - Cuadro 2,Apply cap at 707.00,ES24,2017,2019,True,2017 parameters carried forward to 2018-2019
Aragon,Ingreso Aragonés de Inserción,6.0,896.8,707.0,size_schedule,True,True,Apply cap at 707.00,Dato sulla RMI 2017.pdf - Cuadro 2,Apply cap at 707.00,ES24,2017,2017,True,2017 parameters carried forward to 2018-2019
Aragon,Ingreso Aragonés de Inserción,6.0,896.8,707.0,size_schedule,True,True,Apply cap at 707.00,Dato sulla RMI 2017.pdf - Cuadro 2,Apply cap at 707.00,ES24,2017,2018,True,2017 parameters carried forward to 2018-2019
Aragon,Ingreso Aragonés de Inserción,6.0,896.8,707.0,size_schedule,True,True,Apply cap at 707.00,Dato sulla RMI 2017.pdf - Cuadro 2,Apply cap at 707.00,ES24,2017,2019,True,2017 parameters carried forward to 2018-2019
Asturias,Salario Social Básico,1.0,442.96,730.88,size_schedule,True,True,Possible extra increase in disability/dependency cases not simulated,Dato sulla RMI 2017.pdf - Cuadro 2,Report also mentions 5% increase in some disability/dependency cases,ES12,2017,2017,True,2017 parameters carried forward to 2018-2019
Asturias,Salario Social Básico,1.0,442.96,730.88,size_schedule,True,True,Possible extra increase in disability/dependency cases not simulated,Dato sulla RMI 2017.pdf - Cuadro 2,Report also mentions 5% increase in some disability/dependency cases,ES12,2017,2018,True,2017 parameters carried forward to 2018-2019
Asturias,Salario Social Básico,1.0,442.96,730.88,size_schedule,True,True,Possible extra increase in disability/dependency cases not simulated,Dato sulla RMI 2017.pdf - Cuadro 2,Report also mentions 5% increase in some disability/dependency cases,ES12,2017,2019,True,2017 parameters carried forward to 2018-2019
Asturias,Salario Social Básico,2.0,540.41,730.88,size_schedule,True,True,Possible extra increase in disability/dependency cases not simulated,Dato sulla RMI 2017.pdf - Cuadro 2,Report also mentions 5% increase in some disability/dependency cases,ES12,2017,2017,True,2017 parameters carried forward to 2018-2019
Asturias,Salario Social Básico,2.0,540.41,730.88,size_schedule,True,True,Possible extra increase in disability/dependency cases not simulated,Dato sulla RMI 2017.pdf - Cuadro 2,Report also mentions 5% increase in some disability/dependency cases,ES12,2017,2018,True,2017 parameters carried forward to 2018-2019
Asturias,Salario Social Básico,2.0,540.41,730.88,size_schedule,True,True,Possible extra increase in disability/dependency cases not simulated,Dato sulla RMI 2017.pdf - Cuadro 2,Report also mentions 5% increase in some disability/dependency cases,ES12,2017,2019,True,2017 parameters carried forward to 2018-2019
Asturias,Salario Social Básico,3.0,611.28,730.88,size_schedule,True,True,Possible extra increase in disability/dependency cases not simulated,Dato sulla RMI 2017.pdf - Cuadro 2,Report also mentions 5% increase in some disability/dependency cases,ES12,2017,2017,True,2017 parameters carried forward to 2018-2019
Asturias,Salario Social Básico,3.0,611.28,730.88,size_schedule,True,True,Possible extra increase in disability/dependency cases not simulated,Dato sulla RMI 2017.pdf - Cuadro 2,Report also mentions 5% increase in some disability/dependency cases,ES12,2017,2018,True,2017 parameters carried forward to 2018-2019
Asturias,Salario Social Básico,3.0,611.28,730.88,size_schedule,True,True,Possible extra increase in disability/dependency cases not simulated,Dato sulla RMI 2017.pdf - Cuadro 2,Report also mentions 5% increase in some disability/dependency cases,ES12,2017,2019,True,2017 parameters carried forward to 2018-2019
Asturias,Salario Social Básico,4.0,682.14,730.88,size_schedule,True,True,Possible extra increase in disability/dependency cases not simulated,Dato sulla RMI 2017.pdf - Cuadro 2,Report also mentions 5% increase in some disability/dependency cases,ES12,2017,2017,True,2017 parameters carried forward to 2018-2019
Asturias,Salario Social Básico,4.0,682.14,730.88,size_schedule,True,True,Possible extra increase in disability/dependency cases not simulated,Dato sulla RMI 2017.pdf - Cuadro 2,Report also mentions 5% increase in some disability/dependency cases,ES12,2017,2018,True,2017 parameters carried forward to 2018-2019
Asturias,Salario Social Básico,4.0,682.14,730.88,size_schedule,True,True,Possible extra increase in disability/dependency cases not simulated,Dato sulla RMI 2017.pdf - Cuadro 2,Report also mentions 5% increase in some disability/dependency cases,ES12,2017,2019,True,2017 parameters carried forward to 2018-2019
Asturias,Salario Social Básico,5.0,713.16,730.88,size_schedule,True,True,Possible extra increase in disability/dependency cases not simulated,Dato sulla RMI 2017.pdf - Cuadro 2,Report also mentions 5% increase in some disability/dependency cases,ES12,2017,2017,True,2017 parameters carried forward to 2018-2019
Asturias,Salario Social Básico,5.0,713.16,730.88,size_schedule,True,True,Possible extra increase in disability/dependency cases not simulated,Dato sulla RMI 2017.pdf - Cuadro 2,Report also mentions 5% increase in some disability/dependency cases,ES12,2017,2018,True,2017 parameters carried forward to 2018-2019
Asturias,Salario Social Básico,5.0,713.16,730.88,size_schedule,True,True,Possible extra increase in disability/dependency cases not simulated,Dato sulla RMI 2017.pdf - Cuadro 2,Report also mentions 5% increase in some disability/dependency cases,ES12,2017,2019,True,2017 parameters carried forward to 2018-2019
Asturias,Salario Social Básico,6.0,730.88,730.88,size_schedule,True,True,Possible extra increase in disability/dependency cases not simulated,Dato sulla RMI 2017.pdf - Cuadro 2,Report also mentions 5% increase in some disability/dependency cases,ES12,2017,2017,True,2017 parameters carried forward to 2018-2019
Asturias,Salario Social Básico,6.0,730.88,730.88,size_schedule,True,True,Possible extra increase in disability/dependency cases not simulated,Dato sulla RMI 2017.pdf - Cuadro 2,Report also mentions 5% increase in some disability/dependency cases,ES12,2017,2018,True,2017 parameters carried forward to 2018-2019
Asturias,Salario Social Básico,6.0,730.88,730.88,size_schedule,True,True,Possible extra increase in disability/dependency cases not simulated,Dato sulla RMI 2017.pdf - Cuadro 2,Report also mentions 5% increase in some disability/dependency cases,ES12,2017,2019,True,2017 parameters carried forward to 2018-2019
Balearic Islands,Renta Social Garantizada,1.0,430.36,776.58,size_schedule,True,True,Using later 2017 RESOGA regime,Dato sulla RMI 2017.pdf - Cuadro 2 / Cuadro 13 notes,2017 coexistence with RMI; using later 2017 guaranteed-income regime by assumption,ES53,2017,2017,True,2017 parameters carried forward to 2018-2019
Balearic Islands,Renta Social Garantizada,1.0,430.36,776.58,size_schedule,True,True,Using later 2017 RESOGA regime,Dato sulla RMI 2017.pdf - Cuadro 2 / Cuadro 13 notes,2017 coexistence with RMI; using later 2017 guaranteed-income regime by assumption,ES53,2017,2018,True,2017 parameters carried forward to 2018-2019
Balearic Islands,Renta Social Garantizada,1.0,430.36,776.58,size_schedule,True,True,Using later 2017 RESOGA regime,Dato sulla RMI 2017.pdf - Cuadro 2 / Cuadro 13 notes,2017 coexistence with RMI; using later 2017 guaranteed-income regime by assumption,ES53,2017,2019,True,2017 parameters carried forward to 2018-2019
Balearic Islands,Renta Social Garantizada,2.0,430.36,776.58,size_schedule,True,True,Using later 2017 RESOGA regime,Dato sulla RMI 2017.pdf - Cuadro 2 / Cuadro 13 notes,2017 coexistence with RMI; using later 2017 guaranteed-income regime by assumption,ES53,2017,2017,True,2017 parameters carried forward to 2018-2019
Balearic Islands,Renta Social Garantizada,2.0,430.36,776.58,size_schedule,True,True,Using later 2017 RESOGA regime,Dato sulla RMI 2017.pdf - Cuadro 2 / Cuadro 13 notes,2017 coexistence with RMI; using later 2017 guaranteed-income regime by assumption,ES53,2017,2018,True,2017 parameters carried forward to 2018-2019
Balearic Islands,Renta Social Garantizada,2.0,430.36,776.58,size_schedule,True,True,Using later 2017 RESOGA regime,Dato sulla RMI 2017.pdf - Cuadro 2 / Cuadro 13 notes,2017 coexistence with RMI; using later 2017 guaranteed-income regime by assumption,ES53,2017,2019,True,2017 parameters carried forward to 2018-2019
Balearic Islands,Renta Social Garantizada,3.0,559.47,776.58,size_schedule,True,True,Using later 2017 RESOGA regime,Dato sulla RMI 2017.pdf - Cuadro 2 / Cuadro 13 notes,2017 coexistence with RMI; using later 2017 guaranteed-income regime by assumption,ES53,2017,2017,True,2017 parameters carried forward to 2018-2019
Balearic Islands,Renta Social Garantizada,3.0,559.47,776.58,size_schedule,True,True,Using later 2017 RESOGA regime,Dato sulla RMI 2017.pdf - Cuadro 2 / Cuadro 13 notes,2017 coexistence with RMI; using later 2017 guaranteed-income regime by assumption,ES53,2017,2018,True,2017 parameters carried forward to 2018-2019
Balearic Islands,Renta Social Garantizada,3.0,559.47,776.58,size_schedule,True,True,Using later 2017 RESOGA regime,Dato sulla RMI 2017.pdf - Cuadro 2 / Cuadro 13 notes,2017 coexistence with RMI; using later 2017 guaranteed-income regime by assumption,ES53,2017,2019,True,2017 parameters carried forward to 2018-2019
Balearic Islands,Renta Social Garantizada,4.0,645.54,776.58,size_schedule,True,True,Using later 2017 RESOGA regime,Dato sulla RMI 2017.pdf - Cuadro 2 / Cuadro 13 notes,2017 coexistence with RMI; using later 2017 guaranteed-income regime by assumption,ES53,2017,2017,True,2017 parameters carried forward to 2018-2019
Balearic Islands,Renta Social Garantizada,4.0,645.54,776.58,size_schedule,True,True,Using later 2017 RESOGA regime,Dato sulla RMI 2017.pdf - Cuadro 2 / Cuadro 13 notes,2017 coexistence with RMI; using later 2017 guaranteed-income regime by assumption,ES53,2017,2018,True,2017 parameters carried forward to 2018-2019
Balearic Islands,Renta Social Garantizada,4.0,645.54,776.58,size_schedule,True,True,Using later 2017 RESOGA regime,Dato sulla RMI 2017.pdf - Cuadro 2 / Cuadro 13 notes,2017 coexistence with RMI; using later 2017 guaranteed-income regime by assumption,ES53,2017,2019,True,2017 parameters carried forward to 2018-2019
Balearic Islands,Renta Social Garantizada,5.0,688.58,776.58,size_schedule,True,True,Using later 2017 RESOGA regime,Dato sulla RMI 2017.pdf - Cuadro 2 / Cuadro 13 notes,2017 coexistence with RMI; using later 2017 guaranteed-income regime by assumption,ES53,2017,2017,True,2017 parameters carried forward to 2018-2019
Balearic Islands,Renta Social Garantizada,5.0,688.58,776.58,size_schedule,True,True,Using later 2017 RESOGA regime,Dato sulla RMI 2017.pdf - Cuadro 2 / Cuadro 13 notes,2017 coexistence with RMI; using later 2017 guaranteed-income regime by assumption,ES53,2017,2018,True,2017 parameters carried forward to 2018-2019
Balearic Islands,Renta Social Garantizada,5.0,688.58,776.58,size_schedule,True,True,Using later 2017 RESOGA regime,Dato sulla RMI 2017.pdf - Cuadro 2 / Cuadro 13 notes,2017 coexistence with RMI; using later 2017 guaranteed-income regime by assumption,ES53,2017,2019,True,2017 parameters carried forward to 2018-2019
Balearic Islands,Renta Social Garantizada,6.0,731.61,776.58,size_schedule,True,True,Using later 2017 RESOGA regime,Dato sulla RMI 2017.pdf - Cuadro 2 / Cuadro 13 notes,2017 coexistence with RMI; using later 2017 guaranteed-income regime by assumption,ES53,2017,2017,True,2017 parameters carried forward to 2018-2019
Balearic Islands,Renta Social Garantizada,6.0,731.61,776.58,size_schedule,True,True,Using later 2017 RESOGA regime,Dato sulla RMI 2017.pdf - Cuadro 2 / Cuadro 13 notes,2017 coexistence with RMI; using later 2017 guaranteed-income regime by assumption,ES53,2017,2018,True,2017 parameters carried forward to 2018-2019
Balearic Islands,Renta Social Garantizada,6.0,731.61,776.58,size_schedule,True,True,Using later 2017 RESOGA regime,Dato sulla RMI 2017.pdf - Cuadro 2 / Cuadro 13 notes,2017 coexistence with RMI; using later 2017 guaranteed-income regime by assumption,ES53,2017,2019,True,2017 parameters carried forward to 2018-2019
Balearic Islands,Renta Social Garantizada,7.0,774.65,776.58,size_schedule,True,True,Using later 2017 RESOGA regime,Dato sulla RMI 2017.pdf - Cuadro 2 / Cuadro 13 notes,2017 coexistence with RMI; using later 2017 guaranteed-income regime by assumption,ES53,2017,2017,True,2017 parameters carried forward to 2018-2019
Balearic Islands,Renta Social Garantizada,7.0,774.65,776.58,size_schedule,True,True,Using later 2017 RESOGA regime,Dato sulla RMI 2017.pdf - Cuadro 2 / Cuadro 13 notes,2017 coexistence with RMI; using later 2017 guaranteed-income regime by assumption,ES53,2017,2018,True,2017 parameters carried forward to 2018-2019
Balearic Islands,Renta Social Garantizada,7.0,774.65,776.58,size_schedule,True,True,Using later 2017 RESOGA regime,Dato sulla RMI 2017.pdf - Cuadro 2 / Cuadro 13 notes,2017 coexistence with RMI; using later 2017 guaranteed-income regime by assumption,ES53,2017,2019,True,2017 parameters carried forward to 2018-2019
Canary Islands,Prestación Canaria de Inserción,1.0,476.88,665.13,size_schedule,True,True,,Dato sulla RMI 2017.pdf - Cuadro 2,,ES70,2017,2017,True,2017 parameters carried forward to 2018-2019
Canary Islands,Prestación Canaria de Inserción,1.0,476.88,665.13,size_schedule,True,True,,Dato sulla RMI 2017.pdf - Cuadro 2,,ES70,2017,2018,True,2017 parameters carried forward to 2018-2019
Canary Islands,Prestación Canaria de Inserción,1.0,476.88,665.13,size_schedule,True,True,,Dato sulla RMI 2017.pdf - Cuadro 2,,ES70,2017,2019,True,2017 parameters carried forward to 2018-2019
Canary Islands,Prestación Canaria de Inserción,2.0,476.88,665.13,size_schedule,True,True,,Dato sulla RMI 2017.pdf - Cuadro 2,,ES70,2017,2017,True,2017 parameters carried forward to 2018-2019
Canary Islands,Prestación Canaria de Inserción,2.0,476.88,665.13,size_schedule,True,True,,Dato sulla RMI 2017.pdf - Cuadro 2,,ES70,2017,2018,True,2017 parameters carried forward to 2018-2019
Canary Islands,Prestación Canaria de Inserción,2.0,476.88,665.13,size_schedule,True,True,,Dato sulla RMI 2017.pdf - Cuadro 2,,ES70,2017,2019,True,2017 parameters carried forward to 2018-2019
Canary Islands,Prestación Canaria de Inserción,3.0,539.63,665.13,size_schedule,True,True,,Dato sulla RMI 2017.pdf - Cuadro 2,,ES70,2017,2017,True,2017 parameters carried forward to 2018-2019
Canary Islands,Prestación Canaria de Inserción,3.0,539.63,665.13,size_schedule,True,True,,Dato sulla RMI 2017.pdf - Cuadro 2,,ES70,2017,2018,True,2017 parameters carried forward to 2018-2019
Canary Islands,Prestación Canaria de Inserción,3.0,539.63,665.13,size_schedule,True,True,,Dato sulla RMI 2017.pdf - Cuadro 2,,ES70,2017,2019,True,2017 parameters carried forward to 2018-2019
Canary Islands,Prestación Canaria de Inserción,4.0,589.83,665.13,size_schedule,True,True,,Dato sulla RMI 2017.pdf - Cuadro 2,,ES70,2017,2017,True,2017 parameters carried forward to 2018-2019
Canary Islands,Prestación Canaria de Inserción,4.0,589.83,665.13,size_schedule,True,True,,Dato sulla RMI 2017.pdf - Cuadro 2,,ES70,2017,2018,True,2017 parameters carried forward to 2018-2019
Canary Islands,Prestación Canaria de Inserción,4.0,589.83,665.13,size_schedule,True,True,,Dato sulla RMI 2017.pdf - Cuadro 2,,ES70,2017,2019,True,2017 parameters carried forward to 2018-2019
Canary Islands,Prestación Canaria de Inserción,5.0,621.2,665.13,size_schedule,True,True,,Dato sulla RMI 2017.pdf - Cuadro 2,,ES70,2017,2017,True,2017 parameters carried forward to 2018-2019
Canary Islands,Prestación Canaria de Inserción,5.0,621.2,665.13,size_schedule,True,True,,Dato sulla RMI 2017.pdf - Cuadro 2,,ES70,2017,2018,True,2017 parameters carried forward to 2018-2019
Canary Islands,Prestación Canaria de Inserción,5.0,621.2,665.13,size_schedule,True,True,,Dato sulla RMI 2017.pdf - Cuadro 2,,ES70,2017,2019,True,2017 parameters carried forward to 2018-2019
Canary Islands,Prestación Canaria de Inserción,6.0,646.3,665.13,size_schedule,True,True,,Dato sulla RMI 2017.pdf - Cuadro 2,,ES70,2017,2017,True,2017 parameters carried forward to 2018-2019
Canary Islands,Prestación Canaria de Inserción,6.0,646.3,665.13,size_schedule,True,True,,Dato sulla RMI 2017.pdf - Cuadro 2,,ES70,2017,2018,True,2017 parameters carried forward to 2018-2019
Canary Islands,Prestación Canaria de Inserción,6.0,646.3,665.13,size_schedule,True,True,,Dato sulla RMI 2017.pdf - Cuadro 2,,ES70,2017,2019,True,2017 parameters carried forward to 2018-2019
Cantabria,Renta Social Básica,1.0,430.27,672.3,size_schedule,True,True,Later 2017 values after update,Dato sulla RMI 2017.pdf - Cuadro 2,Later 2017 values after update,ES13,2017,2017,True,2017 parameters carried forward to 2018-2019
Cantabria,Renta Social Básica,1.0,430.27,672.3,size_schedule,True,True,Later 2017 values after update,Dato sulla RMI 2017.pdf - Cuadro 2,Later 2017 values after update,ES13,2017,2018,True,2017 parameters carried forward to 2018-2019
Cantabria,Renta Social Básica,1.0,430.27,672.3,size_schedule,True,True,Later 2017 values after update,Dato sulla RMI 2017.pdf - Cuadro 2,Later 2017 values after update,ES13,2017,2019,True,2017 parameters carried forward to 2018-2019
Cantabria,Renta Social Básica,2.0,430.27,672.3,size_schedule,True,True,Later 2017 values after update,Dato sulla RMI 2017.pdf - Cuadro 2,Later 2017 values after update,ES13,2017,2017,True,2017 parameters carried forward to 2018-2019
Cantabria,Renta Social Básica,2.0,430.27,672.3,size_schedule,True,True,Later 2017 values after update,Dato sulla RMI 2017.pdf - Cuadro 2,Later 2017 values after update,ES13,2017,2018,True,2017 parameters carried forward to 2018-2019
Cantabria,Renta Social Básica,2.0,430.27,672.3,size_schedule,True,True,Later 2017 values after update,Dato sulla RMI 2017.pdf - Cuadro 2,Later 2017 values after update,ES13,2017,2019,True,2017 parameters carried forward to 2018-2019
Cantabria,Renta Social Básica,3.0,537.84,672.3,size_schedule,True,True,Later 2017 values after update,Dato sulla RMI 2017.pdf - Cuadro 2,Later 2017 values after update,ES13,2017,2017,True,2017 parameters carried forward to 2018-2019
Cantabria,Renta Social Básica,3.0,537.84,672.3,size_schedule,True,True,Later 2017 values after update,Dato sulla RMI 2017.pdf - Cuadro 2,Later 2017 values after update,ES13,2017,2018,True,2017 parameters carried forward to 2018-2019
Cantabria,Renta Social Básica,3.0,537.84,672.3,size_schedule,True,True,Later 2017 values after update,Dato sulla RMI 2017.pdf - Cuadro 2,Later 2017 values after update,ES13,2017,2019,True,2017 parameters carried forward to 2018-2019
Cantabria,Renta Social Básica,4.0,591.63,672.3,size_schedule,True,True,Later 2017 values after update,Dato sulla RMI 2017.pdf - Cuadro 2,Later 2017 values after update,ES13,2017,2017,True,2017 parameters carried forward to 2018-2019
Cantabria,Renta Social Básica,4.0,591.63,672.3,size_schedule,True,True,Later 2017 values after update,Dato sulla RMI 2017.pdf - Cuadro 2,Later 2017 values after update,ES13,2017,2018,True,2017 parameters carried forward to 2018-2019
Cantabria,Renta Social Básica,4.0,591.63,672.3,size_schedule,True,True,Later 2017 values after update,Dato sulla RMI 2017.pdf - Cuadro 2,Later 2017 values after update,ES13,2017,2019,True,2017 parameters carried forward to 2018-2019
Cantabria,Renta Social Básica,5.0,650.79,672.3,size_schedule,True,True,Later 2017 values after update,Dato sulla RMI 2017.pdf - Cuadro 2,Later 2017 values after update,ES13,2017,2017,True,2017 parameters carried forward to 2018-2019
Cantabria,Renta Social Básica,5.0,650.79,672.3,size_schedule,True,True,Later 2017 values after update,Dato sulla RMI 2017.pdf - Cuadro 2,Later 2017 values after update,ES13,2017,2018,True,2017 parameters carried forward to 2018-2019
Cantabria,Renta Social Básica,5.0,650.79,672.3,size_schedule,True,True,Later 2017 values after update,Dato sulla RMI 2017.pdf - Cuadro 2,Later 2017 values after update,ES13,2017,2019,True,2017 parameters carried forward to 2018-2019
Castilla-La Mancha,Ingreso Mínimo de Solidaridad,1.0,420.42,723.12,size_schedule,True,True,,Dato sulla RMI 2017.pdf - Cuadro 2,,ES42,2017,2017,True,2017 parameters carried forward to 2018-2019
Castilla-La Mancha,Ingreso Mínimo de Solidaridad,1.0,420.42,723.12,size_schedule,True,True,,Dato sulla RMI 2017.pdf - Cuadro 2,,ES42,2017,2018,True,2017 parameters carried forward to 2018-2019
Castilla-La Mancha,Ingreso Mínimo de Solidaridad,1.0,420.42,723.12,size_schedule,True,True,,Dato sulla RMI 2017.pdf - Cuadro 2,,ES42,2017,2019,True,2017 parameters carried forward to 2018-2019
Castilla-La Mancha,Ingreso Mínimo de Solidaridad,2.0,420.42,723.12,size_schedule,True,True,,Dato sulla RMI 2017.pdf - Cuadro 2,,ES42,2017,2017,True,2017 parameters carried forward to 2018-2019
Castilla-La Mancha,Ingreso Mínimo de Solidaridad,2.0,420.42,723.12,size_schedule,True,True,,Dato sulla RMI 2017.pdf - Cuadro 2,,ES42,2017,2018,True,2017 parameters carried forward to 2018-2019
Castilla-La Mancha,Ingreso Mínimo de Solidaridad,2.0,420.42,723.12,size_schedule,True,True,,Dato sulla RMI 2017.pdf - Cuadro 2,,ES42,2017,2019,True,2017 parameters carried forward to 2018-2019
Castilla-La Mancha,Ingreso Mínimo de Solidaridad,3.0,470.87,723.12,size_schedule,True,True,,Dato sulla RMI 2017.pdf - Cuadro 2,,ES42,2017,2017,True,2017 parameters carried forward to 2018-2019
Castilla-La Mancha,Ingreso Mínimo de Solidaridad,3.0,470.87,723.12,size_schedule,True,True,,Dato sulla RMI 2017.pdf - Cuadro 2,,ES42,2017,2018,True,2017 parameters carried forward to 2018-2019
Castilla-La Mancha,Ingreso Mínimo de Solidaridad,3.0,470.87,723.12,size_schedule,True,True,,Dato sulla RMI 2017.pdf - Cuadro 2,,ES42,2017,2019,True,2017 parameters carried forward to 2018-2019
Castilla-La Mancha,Ingreso Mínimo de Solidaridad,4.0,521.32,723.12,size_schedule,True,True,,Dato sulla RMI 2017.pdf - Cuadro 2,,ES42,2017,2017,True,2017 parameters carried forward to 2018-2019
Castilla-La Mancha,Ingreso Mínimo de Solidaridad,4.0,521.32,723.12,size_schedule,True,True,,Dato sulla RMI 2017.pdf - Cuadro 2,,ES42,2017,2018,True,2017 parameters carried forward to 2018-2019
Castilla-La Mancha,Ingreso Mínimo de Solidaridad,4.0,521.32,723.12,size_schedule,True,True,,Dato sulla RMI 2017.pdf - Cuadro 2,,ES42,2017,2019,True,2017 parameters carried forward to 2018-2019
Castilla-La Mancha,Ingreso Mínimo de Solidaridad,5.0,571.77,723.12,size_schedule,True,True,,Dato sulla RMI 2017.pdf - Cuadro 2,,ES42,2017,2017,True,2017 parameters carried forward to 2018-2019
Castilla-La Mancha,Ingreso Mínimo de Solidaridad,5.0,571.77,723.12,size_schedule,True,True,,Dato sulla RMI 2017.pdf - Cuadro 2,,ES42,2017,2018,True,2017 parameters carried forward to 2018-2019
Castilla-La Mancha,Ingreso Mínimo de Solidaridad,5.0,571.77,723.12,size_schedule,True,True,,Dato sulla RMI 2017.pdf - Cuadro 2,,ES42,2017,2019,True,2017 parameters carried forward to 2018-2019
Castilla-La Mancha,Ingreso Mínimo de Solidaridad,6.0,622.22,723.12,size_schedule,True,True,,Dato sulla RMI 2017.pdf - Cuadro 2,,ES42,2017,2017,True,2017 parameters carried forward to 2018-2019
Castilla-La Mancha,Ingreso Mínimo de Solidaridad,6.0,622.22,723.12,size_schedule,True,True,,Dato sulla RMI 2017.pdf - Cuadro 2,,ES42,2017,2018,True,2017 parameters carried forward to 2018-2019
Castilla-La Mancha,Ingreso Mínimo de Solidaridad,6.0,622.22,723.12,size_schedule,True,True,,Dato sulla RMI 2017.pdf - Cuadro 2,,ES42,2017,2019,True,2017 parameters carried forward to 2018-2019
Castilla-La Mancha,Ingreso Mínimo de Solidaridad,7.0,672.67,723.12,size_schedule,True,True,,Dato sulla RMI 2017.pdf - Cuadro 2,,ES42,2017,2017,True,2017 parameters carried forward to 2018-2019
Castilla-La Mancha,Ingreso Mínimo de Solidaridad,7.0,672.67,723.12,size_schedule,True,True,,Dato sulla RMI 2017.pdf - Cuadro 2,,ES42,2017,2018,True,2017 parameters carried forward to 2018-2019
Castilla-La Mancha,Ingreso Mínimo de Solidaridad,7.0,672.67,723.12,size_schedule,True,True,,Dato sulla RMI 2017.pdf - Cuadro 2,,ES42,2017,2019,True,2017 parameters carried forward to 2018-2019
Castilla y Leon,Renta Garantizada de Ciudadanía,1.0,430.27,699.19,size_schedule,True,True,Later 2017 values after update,Dato sulla RMI 2017.pdf - Cuadro 2,Later 2017 values after update,ES41,2017,2017,True,2017 parameters carried forward to 2018-2019
Castilla y Leon,Renta Garantizada de Ciudadanía,1.0,430.27,699.19,size_schedule,True,True,Later 2017 values after update,Dato sulla RMI 2017.pdf - Cuadro 2,Later 2017 values after update,ES41,2017,2018,True,2017 parameters carried forward to 2018-2019
Castilla y Leon,Renta Garantizada de Ciudadanía,1.0,430.27,699.19,size_schedule,True,True,Later 2017 values after update,Dato sulla RMI 2017.pdf - Cuadro 2,Later 2017 values after update,ES41,2017,2019,True,2017 parameters carried forward to 2018-2019
Castilla y Leon,Renta Garantizada de Ciudadanía,2.0,537.84,699.19,size_schedule,True,True,Later 2017 values after update,Dato sulla RMI 2017.pdf - Cuadro 2,Later 2017 values after update,ES41,2017,2017,True,2017 parameters carried forward to 2018-2019
Castilla y Leon,Renta Garantizada de Ciudadanía,2.0,537.84,699.19,size_schedule,True,True,Later 2017 values after update,Dato sulla RMI 2017.pdf - Cuadro 2,Later 2017 values after update,ES41,2017,2018,True,2017 parameters carried forward to 2018-2019
Castilla y Leon,Renta Garantizada de Ciudadanía,2.0,537.84,699.19,size_schedule,True,True,Later 2017 values after update,Dato sulla RMI 2017.pdf - Cuadro 2,Later 2017 values after update,ES41,2017,2019,True,2017 parameters carried forward to 2018-2019
Castilla y Leon,Renta Garantizada de Ciudadanía,3.0,602.38,699.19,size_schedule,True,True,Later 2017 values after update,Dato sulla RMI 2017.pdf - Cuadro 2,Later 2017 values after update,ES41,2017,2017,True,2017 parameters carried forward to 2018-2019
Castilla y Leon,Renta Garantizada de Ciudadanía,3.0,602.38,699.19,size_schedule,True,True,Later 2017 values after update,Dato sulla RMI 2017.pdf - Cuadro 2,Later 2017 values after update,ES41,2017,2018,True,2017 parameters carried forward to 2018-2019
Castilla y Leon,Renta Garantizada de Ciudadanía,3.0,602.38,699.19,size_schedule,True,True,Later 2017 values after update,Dato sulla RMI 2017.pdf - Cuadro 2,Later 2017 values after update,ES41,2017,2019,True,2017 parameters carried forward to 2018-2019
Castilla y Leon,Renta Garantizada de Ciudadanía,4.0,645.41,699.19,size_schedule,True,True,Later 2017 values after update,Dato sulla RMI 2017.pdf - Cuadro 2,Later 2017 values after update,ES41,2017,2017,True,2017 parameters carried forward to 2018-2019
Castilla y Leon,Renta Garantizada de Ciudadanía,4.0,645.41,699.19,size_schedule,True,True,Later 2017 values after update,Dato sulla RMI 2017.pdf - Cuadro 2,Later 2017 values after update,ES41,2017,2018,True,2017 parameters carried forward to 2018-2019
Castilla y Leon,Renta Garantizada de Ciudadanía,4.0,645.41,699.19,size_schedule,True,True,Later 2017 values after update,Dato sulla RMI 2017.pdf - Cuadro 2,Later 2017 values after update,ES41,2017,2019,True,2017 parameters carried forward to 2018-2019
Castilla y Leon,Renta Garantizada de Ciudadanía,5.0,688.44,699.19,size_schedule,True,True,Later 2017 values after update,Dato sulla RMI 2017.pdf - Cuadro 2,Later 2017 values after update,ES41,2017,2017,True,2017 parameters carried forward to 2018-2019
Castilla y Leon,Renta Garantizada de Ciudadanía,5.0,688.44,699.19,size_schedule,True,True,Later 2017 values after update,Dato sulla RMI 2017.pdf - Cuadro 2,Later 2017 values after update,ES41,2017,2018,True,2017 parameters carried forward to 2018-2019
Castilla y Leon,Renta Garantizada de Ciudadanía,5.0,688.44,699.19,size_schedule,True,True,Later 2017 values after update,Dato sulla RMI 2017.pdf - Cuadro 2,Later 2017 values after update,ES41,2017,2019,True,2017 parameters carried forward to 2018-2019
Castilla y Leon,Renta Garantizada de Ciudadanía,6.0,699.19,699.19,size_schedule,True,True,Later 2017 values after update,Dato sulla RMI 2017.pdf - Cuadro 2,Later 2017 values after update,ES41,2017,2017,True,2017 parameters carried forward to 2018-2019
Castilla y Leon,Renta Garantizada de Ciudadanía,6.0,699.19,699.19,size_schedule,True,True,Later 2017 values after update,Dato sulla RMI 2017.pdf - Cuadro 2,Later 2017 values after update,ES41,2017,2018,True,2017 parameters carried forward to 2018-2019
Castilla y Leon,Renta Garantizada de Ciudadanía,6.0,699.19,699.19,size_schedule,True,True,Later 2017 values after update,Dato sulla RMI 2017.pdf - Cuadro 2,Later 2017 values after update,ES41,2017,2019,True,2017 parameters carried forward to 2018-2019
Catalonia,Renta Garantizada de Ciudadanía (RGC),1.0,564.0,1062.0,size_schedule,True,True,Using RGC from late 2017 onward by assumption,Dato sulla RMI 2017.pdf - Cuadro 13 notes,During 2017 RMI and RGC coexist; using RGC from 2017 onward,ES51,2017,2017,True,2017 parameters carried forward to 2018-2019
Catalonia,Renta Garantizada de Ciudadanía (RGC),1.0,564.0,1062.0,size_schedule,True,True,Using RGC from late 2017 onward by assumption,Dato sulla RMI 2017.pdf - Cuadro 13 notes,During 2017 RMI and RGC coexist; using RGC from 2017 onward,ES51,2017,2018,True,2017 parameters carried forward to 2018-2019
Catalonia,Renta Garantizada de Ciudadanía (RGC),1.0,564.0,1062.0,size_schedule,True,True,Using RGC from late 2017 onward by assumption,Dato sulla RMI 2017.pdf - Cuadro 13 notes,During 2017 RMI and RGC coexist; using RGC from 2017 onward,ES51,2017,2019,True,2017 parameters carried forward to 2018-2019
Catalonia,Renta Garantizada de Ciudadanía (RGC),2.0,836.0,1062.0,size_schedule,True,True,Using RGC from late 2017 onward by assumption,Dato sulla RMI 2017.pdf - Cuadro 13 notes,During 2017 RMI and RGC coexist; using RGC from 2017 onward,ES51,2017,2017,True,2017 parameters carried forward to 2018-2019
Catalonia,Renta Garantizada de Ciudadanía (RGC),2.0,836.0,1062.0,size_schedule,True,True,Using RGC from late 2017 onward by assumption,Dato sulla RMI 2017.pdf - Cuadro 13 notes,During 2017 RMI and RGC coexist; using RGC from 2017 onward,ES51,2017,2018,True,2017 parameters carried forward to 2018-2019
Catalonia,Renta Garantizada de Ciudadanía (RGC),2.0,836.0,1062.0,size_schedule,True,True,Using RGC from late 2017 onward by assumption,Dato sulla RMI 2017.pdf - Cuadro 13 notes,During 2017 RMI and RGC coexist; using RGC from 2017 onward,ES51,2017,2019,True,2017 parameters carried forward to 2018-2019
Catalonia,Renta Garantizada de Ciudadanía (RGC),3.0,909.0,1062.0,size_schedule,True,True,Using RGC from late 2017 onward by assumption,Dato sulla RMI 2017.pdf - Cuadro 13 notes,During 2017 RMI and RGC coexist; using RGC from 2017 onward,ES51,2017,2017,True,2017 parameters carried forward to 2018-2019
Catalonia,Renta Garantizada de Ciudadanía (RGC),3.0,909.0,1062.0,size_schedule,True,True,Using RGC from late 2017 onward by assumption,Dato sulla RMI 2017.pdf - Cuadro 13 notes,During 2017 RMI and RGC coexist; using RGC from 2017 onward,ES51,2017,2018,True,2017 parameters carried forward to 2018-2019
Catalonia,Renta Garantizada de Ciudadanía (RGC),3.0,909.0,1062.0,size_schedule,True,True,Using RGC from late 2017 onward by assumption,Dato sulla RMI 2017.pdf - Cuadro 13 notes,During 2017 RMI and RGC coexist; using RGC from 2017 onward,ES51,2017,2019,True,2017 parameters carried forward to 2018-2019
Catalonia,Renta Garantizada de Ciudadanía (RGC),4.0,982.0,1062.0,size_schedule,True,True,Using RGC from late 2017 onward by assumption,Dato sulla RMI 2017.pdf - Cuadro 13 notes,During 2017 RMI and RGC coexist; using RGC from 2017 onward,ES51,2017,2017,True,2017 parameters carried forward to 2018-2019
Catalonia,Renta Garantizada de Ciudadanía (RGC),4.0,982.0,1062.0,size_schedule,True,True,Using RGC from late 2017 onward by assumption,Dato sulla RMI 2017.pdf - Cuadro 13 notes,During 2017 RMI and RGC coexist; using RGC from 2017 onward,ES51,2017,2018,True,2017 parameters carried forward to 2018-2019
Catalonia,Renta Garantizada de Ciudadanía (RGC),4.0,982.0,1062.0,size_schedule,True,True,Using RGC from late 2017 onward by assumption,Dato sulla RMI 2017.pdf - Cuadro 13 notes,During 2017 RMI and RGC coexist; using RGC from 2017 onward,ES51,2017,2019,True,2017 parameters carried forward to 2018-2019
Catalonia,Renta Garantizada de Ciudadanía (RGC),5.0,1062.0,1062.0,size_schedule,True,True,Using RGC from late 2017 onward by assumption,Dato sulla RMI 2017.pdf - Cuadro 13 notes,During 2017 RMI and RGC coexist; using RGC from 2017 onward,ES51,2017,2017,True,2017 parameters carried forward to 2018-2019
Catalonia,Renta Garantizada de Ciudadanía (RGC),5.0,1062.0,1062.0,size_schedule,True,True,Using RGC from late 2017 onward by assumption,Dato sulla RMI 2017.pdf - Cuadro 13 notes,During 2017 RMI and RGC coexist; using RGC from 2017 onward,ES51,2017,2018,True,2017 parameters carried forward to 2018-2019
Catalonia,Renta Garantizada de Ciudadanía (RGC),5.0,1062.0,1062.0,size_schedule,True,True,Using RGC from late 2017 onward by assumption,Dato sulla RMI 2017.pdf - Cuadro 13 notes,During 2017 RMI and RGC coexist; using RGC from 2017 onward,ES51,2017,2019,True,2017 parameters carried forward to 2018-2019
Ceuta,Ingreso Mínimo de Inserción Social,1.0,300.0,420.0,size_schedule,True,True,,Dato sulla RMI 2017.pdf - Cuadro 2,,ES63,2017,2017,True,2017 parameters carried forward to 2018-2019
Ceuta,Ingreso Mínimo de Inserción Social,1.0,300.0,420.0,size_schedule,True,True,,Dato sulla RMI 2017.pdf - Cuadro 2,,ES63,2017,2018,True,2017 parameters carried forward to 2018-2019
Ceuta,Ingreso Mínimo de Inserción Social,1.0,300.0,420.0,size_schedule,True,True,,Dato sulla RMI 2017.pdf - Cuadro 2,,ES63,2017,2019,True,2017 parameters carried forward to 2018-2019
Ceuta,Ingreso Mínimo de Inserción Social,2.0,330.0,420.0,size_schedule,True,True,,Dato sulla RMI 2017.pdf - Cuadro 2,,ES63,2017,2017,True,2017 parameters carried forward to 2018-2019
Ceuta,Ingreso Mínimo de Inserción Social,2.0,330.0,420.0,size_schedule,True,True,,Dato sulla RMI 2017.pdf - Cuadro 2,,ES63,2017,2018,True,2017 parameters carried forward to 2018-2019
Ceuta,Ingreso Mínimo de Inserción Social,2.0,330.0,420.0,size_schedule,True,True,,Dato sulla RMI 2017.pdf - Cuadro 2,,ES63,2017,2019,True,2017 parameters carried forward to 2018-2019
Ceuta,Ingreso Mínimo de Inserción Social,3.0,360.0,420.0,size_schedule,True,True,,Dato sulla RMI 2017.pdf - Cuadro 2,,ES63,2017,2017,True,2017 parameters carried forward to 2018-2019
Ceuta,Ingreso Mínimo de Inserción Social,3.0,360.0,420.0,size_schedule,True,True,,Dato sulla RMI 2017.pdf - Cuadro 2,,ES63,2017,2018,True,2017 parameters carried forward to 2018-2019
Ceuta,Ingreso Mínimo de Inserción Social,3.0,360.0,420.0,size_schedule,True,True,,Dato sulla RMI 2017.pdf - Cuadro 2,,ES63,2017,2019,True,2017 parameters carried forward to 2018-2019
Ceuta,Ingreso Mínimo de Inserción Social,4.0,390.0,420.0,size_schedule,True,True,,Dato sulla RMI 2017.pdf - Cuadro 2,,ES63,2017,2017,True,2017 parameters carried forward to 2018-2019
Ceuta,Ingreso Mínimo de Inserción Social,4.0,390.0,420.0,size_schedule,True,True,,Dato sulla RMI 2017.pdf - Cuadro 2,,ES63,2017,2018,True,2017 parameters carried forward to 2018-2019
Ceuta,Ingreso Mínimo de Inserción Social,4.0,390.0,420.0,size_schedule,True,True,,Dato sulla RMI 2017.pdf - Cuadro 2,,ES63,2017,2019,True,2017 parameters carried forward to 2018-2019
Ceuta,Ingreso Mínimo de Inserción Social,5.0,420.0,420.0,size_schedule,True,True,,Dato sulla RMI 2017.pdf - Cuadro 2,,ES63,2017,2017,True,2017 parameters carried forward to 2018-2019
Ceuta,Ingreso Mínimo de Inserción Social,5.0,420.0,420.0,size_schedule,True,True,,Dato sulla RMI 2017.pdf - Cuadro 2,,ES63,2017,2018,True,2017 parameters carried forward to 2018-2019
Ceuta,Ingreso Mínimo de Inserción Social,5.0,420.0,420.0,size_schedule,True,True,,Dato sulla RMI 2017.pdf - Cuadro 2,,ES63,2017,2019,True,2017 parameters carried forward to 2018-2019
Extremadura,Renta Básica Extremeña de Inserción,1.0,430.27,726.08,size_schedule,True,True,,Dato sulla RMI 2017.pdf - Cuadro 2,,ES43,2017,2017,True,2017 parameters carried forward to 2018-2019
Extremadura,Renta Básica Extremeña de Inserción,1.0,430.27,726.08,size_schedule,True,True,,Dato sulla RMI 2017.pdf - Cuadro 2,,ES43,2017,2018,True,2017 parameters carried forward to 2018-2019
Extremadura,Renta Básica Extremeña de Inserción,1.0,430.27,726.08,size_schedule,True,True,,Dato sulla RMI 2017.pdf - Cuadro 2,,ES43,2017,2019,True,2017 parameters carried forward to 2018-2019
Extremadura,Renta Básica Extremeña de Inserción,2.0,430.27,726.08,size_schedule,True,True,,Dato sulla RMI 2017.pdf - Cuadro 2,,ES43,2017,2017,True,2017 parameters carried forward to 2018-2019
Extremadura,Renta Básica Extremeña de Inserción,2.0,430.27,726.08,size_schedule,True,True,,Dato sulla RMI 2017.pdf - Cuadro 2,,ES43,2017,2018,True,2017 parameters carried forward to 2018-2019
Extremadura,Renta Básica Extremeña de Inserción,2.0,430.27,726.08,size_schedule,True,True,,Dato sulla RMI 2017.pdf - Cuadro 2,,ES43,2017,2019,True,2017 parameters carried forward to 2018-2019
Extremadura,Renta Básica Extremeña de Inserción,3.0,537.84,726.08,size_schedule,True,True,,Dato sulla RMI 2017.pdf - Cuadro 2,,ES43,2017,2017,True,2017 parameters carried forward to 2018-2019
Extremadura,Renta Básica Extremeña de Inserción,3.0,537.84,726.08,size_schedule,True,True,,Dato sulla RMI 2017.pdf - Cuadro 2,,ES43,2017,2018,True,2017 parameters carried forward to 2018-2019
Extremadura,Renta Básica Extremeña de Inserción,3.0,537.84,726.08,size_schedule,True,True,,Dato sulla RMI 2017.pdf - Cuadro 2,,ES43,2017,2019,True,2017 parameters carried forward to 2018-2019
Extremadura,Renta Básica Extremeña de Inserción,4.0,591.62,726.08,size_schedule,True,True,,Dato sulla RMI 2017.pdf - Cuadro 2,,ES43,2017,2017,True,2017 parameters carried forward to 2018-2019
Extremadura,Renta Básica Extremeña de Inserción,4.0,591.62,726.08,size_schedule,True,True,,Dato sulla RMI 2017.pdf - Cuadro 2,,ES43,2017,2018,True,2017 parameters carried forward to 2018-2019
Extremadura,Renta Básica Extremeña de Inserción,4.0,591.62,726.08,size_schedule,True,True,,Dato sulla RMI 2017.pdf - Cuadro 2,,ES43,2017,2019,True,2017 parameters carried forward to 2018-2019
Extremadura,Renta Básica Extremeña de Inserción,5.0,645.41,726.08,size_schedule,True,True,,Dato sulla RMI 2017.pdf - Cuadro 2,,ES43,2017,2017,True,2017 parameters carried forward to 2018-2019
Extremadura,Renta Básica Extremeña de Inserción,5.0,645.41,726.08,size_schedule,True,True,,Dato sulla RMI 2017.pdf - Cuadro 2,,ES43,2017,2018,True,2017 parameters carried forward to 2018-2019
Extremadura,Renta Básica Extremeña de Inserción,5.0,645.41,726.08,size_schedule,True,True,,Dato sulla RMI 2017.pdf - Cuadro 2,,ES43,2017,2019,True,2017 parameters carried forward to 2018-2019
Extremadura,Renta Básica Extremeña de Inserción,6.0,672.3,726.08,size_schedule,True,True,,Dato sulla RMI 2017.pdf - Cuadro 2,,ES43,2017,2017,True,2017 parameters carried forward to 2018-2019
Extremadura,Renta Básica Extremeña de Inserción,6.0,672.3,726.08,size_schedule,True,True,,Dato sulla RMI 2017.pdf - Cuadro 2,,ES43,2017,2018,True,2017 parameters carried forward to 2018-2019
Extremadura,Renta Básica Extremeña de Inserción,6.0,672.3,726.08,size_schedule,True,True,,Dato sulla RMI 2017.pdf - Cuadro 2,,ES43,2017,2019,True,2017 parameters carried forward to 2018-2019
Extremadura,Renta Básica Extremeña de Inserción,7.0,699.19,726.08,size_schedule,True,True,,Dato sulla RMI 2017.pdf - Cuadro 2,,ES43,2017,2017,True,2017 parameters carried forward to 2018-2019
Extremadura,Renta Básica Extremeña de Inserción,7.0,699.19,726.08,size_schedule,True,True,,Dato sulla RMI 2017.pdf - Cuadro 2,,ES43,2017,2018,True,2017 parameters carried forward to 2018-2019
Extremadura,Renta Básica Extremeña de Inserción,7.0,699.19,726.08,size_schedule,True,True,,Dato sulla RMI 2017.pdf - Cuadro 2,,ES43,2017,2019,True,2017 parameters carried forward to 2018-2019
Galicia,Renta de Inclusión Social (RISGA),1.0,403.38,726.08,size_schedule,True,True,Larger household sizes may need cap logic,Dato sulla RMI 2017.pdf - Cuadro 8 / notes,Later 2017 values after update; larger sizes may need cap logic,ES11,2017,2017,True,2017 parameters carried forward to 2018-2019
Galicia,Renta de Inclusión Social (RISGA),1.0,403.38,726.08,size_schedule,True,True,Larger household sizes may need cap logic,Dato sulla RMI 2017.pdf - Cuadro 8 / notes,Later 2017 values after update; larger sizes may need cap logic,ES11,2017,2018,True,2017 parameters carried forward to 2018-2019
Galicia,Renta de Inclusión Social (RISGA),1.0,403.38,726.08,size_schedule,True,True,Larger household sizes may need cap logic,Dato sulla RMI 2017.pdf - Cuadro 8 / notes,Later 2017 values after update; larger sizes may need cap logic,ES11,2017,2019,True,2017 parameters carried forward to 2018-2019
Galicia,Renta de Inclusión Social (RISGA),2.0,478.68,726.08,size_schedule,True,True,Larger household sizes may need cap logic,Dato sulla RMI 2017.pdf - Cuadro 8 / notes,Later 2017 values after update; larger sizes may need cap logic,ES11,2017,2017,True,2017 parameters carried forward to 2018-2019
Galicia,Renta de Inclusión Social (RISGA),2.0,478.68,726.08,size_schedule,True,True,Larger household sizes may need cap logic,Dato sulla RMI 2017.pdf - Cuadro 8 / notes,Later 2017 values after update; larger sizes may need cap logic,ES11,2017,2018,True,2017 parameters carried forward to 2018-2019
Galicia,Renta de Inclusión Social (RISGA),2.0,478.68,726.08,size_schedule,True,True,Larger household sizes may need cap logic,Dato sulla RMI 2017.pdf - Cuadro 8 / notes,Later 2017 values after update; larger sizes may need cap logic,ES11,2017,2019,True,2017 parameters carried forward to 2018-2019
Galicia,Renta de Inclusión Social (RISGA),3.0,543.22,726.08,size_schedule,True,True,Larger household sizes may need cap logic,Dato sulla RMI 2017.pdf - Cuadro 8 / notes,Later 2017 values after update; larger sizes may need cap logic,ES11,2017,2017,True,2017 parameters carried forward to 2018-2019
Galicia,Renta de Inclusión Social (RISGA),3.0,543.22,726.08,size_schedule,True,True,Larger household sizes may need cap logic,Dato sulla RMI 2017.pdf - Cuadro 8 / notes,Later 2017 values after update; larger sizes may need cap logic,ES11,2017,2018,True,2017 parameters carried forward to 2018-2019
Galicia,Renta de Inclusión Social (RISGA),3.0,543.22,726.08,size_schedule,True,True,Larger household sizes may need cap logic,Dato sulla RMI 2017.pdf - Cuadro 8 / notes,Later 2017 values after update; larger sizes may need cap logic,ES11,2017,2019,True,2017 parameters carried forward to 2018-2019
Galicia,Renta de Inclusión Social (RISGA),4.0,597.0,726.08,size_schedule,True,True,Larger household sizes may need cap logic,Dato sulla RMI 2017.pdf - Cuadro 8 / notes,Later 2017 values after update; larger sizes may need cap logic,ES11,2017,2017,True,2017 parameters carried forward to 2018-2019
Galicia,Renta de Inclusión Social (RISGA),4.0,597.0,726.08,size_schedule,True,True,Larger household sizes may need cap logic,Dato sulla RMI 2017.pdf - Cuadro 8 / notes,Later 2017 values after update; larger sizes may need cap logic,ES11,2017,2018,True,2017 parameters carried forward to 2018-2019
Galicia,Renta de Inclusión Social (RISGA),4.0,597.0,726.08,size_schedule,True,True,Larger household sizes may need cap logic,Dato sulla RMI 2017.pdf - Cuadro 8 / notes,Later 2017 values after update; larger sizes may need cap logic,ES11,2017,2019,True,2017 parameters carried forward to 2018-2019
Madrid,Renta Mínima de Inserción,1.0,400.0,707.7,size_schedule,True,True,Partial schedule; larger sizes use cap,Dato sulla RMI 2017.pdf - Cuadro 2,Partial schedule; larger sizes use cap,ES30,2017,2017,True,2017 parameters carried forward to 2018-2019
Madrid,Renta Mínima de Inserción,1.0,400.0,707.7,size_schedule,True,True,Partial schedule; larger sizes use cap,Dato sulla RMI 2017.pdf - Cuadro 2,Partial schedule; larger sizes use cap,ES30,2017,2018,True,2017 parameters carried forward to 2018-2019
Madrid,Renta Mínima de Inserción,1.0,400.0,707.7,size_schedule,True,True,Partial schedule; larger sizes use cap,Dato sulla RMI 2017.pdf - Cuadro 2,Partial schedule; larger sizes use cap,ES30,2017,2019,True,2017 parameters carried forward to 2018-2019
Madrid,Renta Mínima de Inserción,2.0,512.67,707.7,size_schedule,True,True,Partial schedule; larger sizes use cap,Dato sulla RMI 2017.pdf - Cuadro 2,Partial schedule; larger sizes use cap,ES30,2017,2017,True,2017 parameters carried forward to 2018-2019
Madrid,Renta Mínima de Inserción,2.0,512.67,707.7,size_schedule,True,True,Partial schedule; larger sizes use cap,Dato sulla RMI 2017.pdf - Cuadro 2,Partial schedule; larger sizes use cap,ES30,2017,2018,True,2017 parameters carried forward to 2018-2019
Madrid,Renta Mínima de Inserción,2.0,512.67,707.7,size_schedule,True,True,Partial schedule; larger sizes use cap,Dato sulla RMI 2017.pdf - Cuadro 2,Partial schedule; larger sizes use cap,ES30,2017,2019,True,2017 parameters carried forward to 2018-2019
Madrid,Renta Mínima de Inserción,3.0,587.78,707.7,size_schedule,True,True,Partial schedule; larger sizes use cap,Dato sulla RMI 2017.pdf - Cuadro 2,Partial schedule; larger sizes use cap,ES30,2017,2017,True,2017 parameters carried forward to 2018-2019
Madrid,Renta Mínima de Inserción,3.0,587.78,707.7,size_schedule,True,True,Partial schedule; larger sizes use cap,Dato sulla RMI 2017.pdf - Cuadro 2,Partial schedule; larger sizes use cap,ES30,2017,2018,True,2017 parameters carried forward to 2018-2019
Madrid,Renta Mínima de Inserción,3.0,587.78,707.7,size_schedule,True,True,Partial schedule; larger sizes use cap,Dato sulla RMI 2017.pdf - Cuadro 2,Partial schedule; larger sizes use cap,ES30,2017,2019,True,2017 parameters carried forward to 2018-2019
Melilla,Ingreso Melillense de Integración / Prestación Básica Familiar,1.0,458.64,764.4,size_schedule,True,True,Combined representation for 2017,Dato sulla RMI 2017.pdf - Cuadro 13 notes,Combined representation for 2017,ES64,2017,2017,True,2017 parameters carried forward to 2018-2019
Melilla,Ingreso Melillense de Integración / Prestación Básica Familiar,1.0,458.64,764.4,size_schedule,True,True,Combined representation for 2017,Dato sulla RMI 2017.pdf - Cuadro 13 notes,Combined representation for 2017,ES64,2017,2018,True,2017 parameters carried forward to 2018-2019
Melilla,Ingreso Melillense de Integración / Prestación Básica Familiar,1.0,458.64,764.4,size_schedule,True,True,Combined representation for 2017,Dato sulla RMI 2017.pdf - Cuadro 13 notes,Combined representation for 2017,ES64,2017,2019,True,2017 parameters carried forward to 2018-2019
Melilla,Ingreso Melillense de Integración / Prestación Básica Familiar,2.0,535.08,764.4,size_schedule,True,True,Combined representation for 2017,Dato sulla RMI 2017.pdf - Cuadro 13 notes,Combined representation for 2017,ES64,2017,2017,True,2017 parameters carried forward to 2018-2019
Melilla,Ingreso Melillense de Integración / Prestación Básica Familiar,2.0,535.08,764.4,size_schedule,True,True,Combined representation for 2017,Dato sulla RMI 2017.pdf - Cuadro 13 notes,Combined representation for 2017,ES64,2017,2018,True,2017 parameters carried forward to 2018-2019
Melilla,Ingreso Melillense de Integración / Prestación Básica Familiar,2.0,535.08,764.4,size_schedule,True,True,Combined representation for 2017,Dato sulla RMI 2017.pdf - Cuadro 13 notes,Combined representation for 2017,ES64,2017,2019,True,2017 parameters carried forward to 2018-2019
Melilla,Ingreso Melillense de Integración / Prestación Básica Familiar,3.0,611.52,764.4,size_schedule,True,True,Combined representation for 2017,Dato sulla RMI 2017.pdf - Cuadro 13 notes,Combined representation for 2017,ES64,2017,2017,True,2017 parameters carried forward to 2018-2019
Melilla,Ingreso Melillense de Integración / Prestación Básica Familiar,3.0,611.52,764.4,size_schedule,True,True,Combined representation for 2017,Dato sulla RMI 2017.pdf - Cuadro 13 notes,Combined representation for 2017,ES64,2017,2018,True,2017 parameters carried forward to 2018-2019
Melilla,Ingreso Melillense de Integración / Prestación Básica Familiar,3.0,611.52,764.4,size_schedule,True,True,Combined representation for 2017,Dato sulla RMI 2017.pdf - Cuadro 13 notes,Combined representation for 2017,ES64,2017,2019,True,2017 parameters carried forward to 2018-2019
Melilla,Ingreso Melillense de Integración / Prestación Básica Familiar,4.0,687.96,764.4,size_schedule,True,True,Combined representation for 2017,Dato sulla RMI 2017.pdf - Cuadro 13 notes,Combined representation for 2017,ES64,2017,2017,True,2017 parameters carried forward to 2018-2019
Melilla,Ingreso Melillense de Integración / Prestación Básica Familiar,4.0,687.96,764.4,size_schedule,True,True,Combined representation for 2017,Dato sulla RMI 2017.pdf - Cuadro 13 notes,Combined representation for 2017,ES64,2017,2018,True,2017 parameters carried forward to 2018-2019
Melilla,Ingreso Melillense de Integración / Prestación Básica Familiar,4.0,687.96,764.4,size_schedule,True,True,Combined representation for 2017,Dato sulla RMI 2017.pdf - Cuadro 13 notes,Combined representation for 2017,ES64,2017,2019,True,2017 parameters carried forward to 2018-2019
Melilla,Ingreso Melillense de Integración / Prestación Básica Familiar,5.0,764.4,764.4,size_schedule,True,True,Combined representation for 2017,Dato sulla RMI 2017.pdf - Cuadro 13 notes,Combined representation for 2017,ES64,2017,2017,True,2017 parameters carried forward to 2018-2019
Melilla,Ingreso Melillense de Integración / Prestación Básica Familiar,5.0,764.4,764.4,size_schedule,True,True,Combined representation for 2017,Dato sulla RMI 2017.pdf - Cuadro 13 notes,Combined representation for 2017,ES64,2017,2018,True,2017 parameters carried forward to 2018-2019
Melilla,Ingreso Melillense de Integración / Prestación Básica Familiar,5.0,764.4,764.4,size_schedule,True,True,Combined representation for 2017,Dato sulla RMI 2017.pdf - Cuadro 13 notes,Combined representation for 2017,ES64,2017,2019,True,2017 parameters carried forward to 2018-2019
Murcia,Renta Básica de Inserción,,,806.76,formula,False,False,Formula-based schedule; needs separate implementation,Dato sulla RMI 2017.pdf - Cuadro 2 / Cuadro 8,Formula-based schedule; do not use direct hh_size lookup,ES62,2017,2017,True,2017 parameters carried forward to 2018-2019
Murcia,Renta Básica de Inserción,,,806.76,formula,False,False,Formula-based schedule; needs separate implementation,Dato sulla RMI 2017.pdf - Cuadro 2 / Cuadro 8,Formula-based schedule; do not use direct hh_size lookup,ES62,2017,2018,True,2017 parameters carried forward to 2018-2019
Murcia,Renta Básica de Inserción,,,806.76,formula,False,False,Formula-based schedule; needs separate implementation,Dato sulla RMI 2017.pdf - Cuadro 2 / Cuadro 8,Formula-based schedule; do not use direct hh_size lookup,ES62,2017,2019,True,2017 parameters carried forward to 2018-2019
Navarra,Renta Garantizada,1.0,600.0,1200.0,size_schedule,True,True,,Dato sulla RMI 2017.pdf - Cuadro 2,,ES22,2017,2017,True,2017 parameters carried forward to 2018-2019
Navarra,Renta Garantizada,1.0,600.0,1200.0,size_schedule,True,True,,Dato sulla RMI 2017.pdf - Cuadro 2,,ES22,2017,2018,True,2017 parameters carried forward to 2018-2019
Navarra,Renta Garantizada,1.0,600.0,1200.0,size_schedule,True,True,,Dato sulla RMI 2017.pdf - Cuadro 2,,ES22,2017,2019,True,2017 parameters carried forward to 2018-2019
Navarra,Renta Garantizada,2.0,600.0,1200.0,size_schedule,True,True,,Dato sulla RMI 2017.pdf - Cuadro 2,,ES22,2017,2017,True,2017 parameters carried forward to 2018-2019
Navarra,Renta Garantizada,2.0,600.0,1200.0,size_schedule,True,True,,Dato sulla RMI 2017.pdf - Cuadro 2,,ES22,2017,2018,True,2017 parameters carried forward to 2018-2019
Navarra,Renta Garantizada,2.0,600.0,1200.0,size_schedule,True,True,,Dato sulla RMI 2017.pdf - Cuadro 2,,ES22,2017,2019,True,2017 parameters carried forward to 2018-2019
Navarra,Renta Garantizada,3.0,810.0,1200.0,size_schedule,True,True,,Dato sulla RMI 2017.pdf - Cuadro 2,,ES22,2017,2017,True,2017 parameters carried forward to 2018-2019
Navarra,Renta Garantizada,3.0,810.0,1200.0,size_schedule,True,True,,Dato sulla RMI 2017.pdf - Cuadro 2,,ES22,2017,2018,True,2017 parameters carried forward to 2018-2019
Navarra,Renta Garantizada,3.0,810.0,1200.0,size_schedule,True,True,,Dato sulla RMI 2017.pdf - Cuadro 2,,ES22,2017,2019,True,2017 parameters carried forward to 2018-2019
Navarra,Renta Garantizada,4.0,960.0,1200.0,size_schedule,True,True,,Dato sulla RMI 2017.pdf - Cuadro 2,,ES22,2017,2017,True,2017 parameters carried forward to 2018-2019
Navarra,Renta Garantizada,4.0,960.0,1200.0,size_schedule,True,True,,Dato sulla RMI 2017.pdf - Cuadro 2,,ES22,2017,2018,True,2017 parameters carried forward to 2018-2019
Navarra,Renta Garantizada,4.0,960.0,1200.0,size_schedule,True,True,,Dato sulla RMI 2017.pdf - Cuadro 2,,ES22,2017,2019,True,2017 parameters carried forward to 2018-2019
Navarra,Renta Garantizada,5.0,1050.0,1200.0,size_schedule,True,True,,Dato sulla RMI 2017.pdf - Cuadro 2,,ES22,2017,2017,True,2017 parameters carried forward to 2018-2019
Navarra,Renta Garantizada,5.0,1050.0,1200.0,size_schedule,True,True,,Dato sulla RMI 2017.pdf - Cuadro 2,,ES22,2017,2018,True,2017 parameters carried forward to 2018-2019
Navarra,Renta Garantizada,5.0,1050.0,1200.0,size_schedule,True,True,,Dato sulla RMI 2017.pdf - Cuadro 2,,ES22,2017,2019,True,2017 parameters carried forward to 2018-2019
Navarra,Renta Garantizada,6.0,1140.0,1200.0,size_schedule,True,True,,Dato sulla RMI 2017.pdf - Cuadro 2,,ES22,2017,2017,True,2017 parameters carried forward to 2018-2019
Navarra,Renta Garantizada,6.0,1140.0,1200.0,size_schedule,True,True,,Dato sulla RMI 2017.pdf - Cuadro 2,,ES22,2017,2018,True,2017 parameters carried forward to 2018-2019
Navarra,Renta Garantizada,6.0,1140.0,1200.0,size_schedule,True,True,,Dato sulla RMI 2017.pdf - Cuadro 2,,ES22,2017,2019,True,2017 parameters carried forward to 2018-2019
Navarra,Renta Garantizada,7.0,1200.0,1200.0,size_schedule,True,True,,Dato sulla RMI 2017.pdf - Cuadro 2,,ES22,2017,2017,True,2017 parameters carried forward to 2018-2019
Navarra,Renta Garantizada,7.0,1200.0,1200.0,size_schedule,True,True,,Dato sulla RMI 2017.pdf - Cuadro 2,,ES22,2017,2018,True,2017 parameters carried forward to 2018-2019
Navarra,Renta Garantizada,7.0,1200.0,1200.0,size_schedule,True,True,,Dato sulla RMI 2017.pdf - Cuadro 2,,ES22,2017,2019,True,2017 parameters carried forward to 2018-2019
Basque Country,Renta de Garantía de Ingresos,1.0,634.97,901.94,size_schedule,True,True,Table amounts used; supplements not simulated,Dato sulla RMI 2017.pdf - Cuadro 8 / Cuadro 13,Report mentions supplements; stored amounts are table amounts,ES21,2017,2017,True,2017 parameters carried forward to 2018-2019
Basque Country,Renta de Garantía de Ingresos,1.0,634.97,901.94,size_schedule,True,True,Table amounts used; supplements not simulated,Dato sulla RMI 2017.pdf - Cuadro 8 / Cuadro 13,Report mentions supplements; stored amounts are table amounts,ES21,2017,2018,True,2017 parameters carried forward to 2018-2019
Basque Country,Renta de Garantía de Ingresos,1.0,634.97,901.94,size_schedule,True,True,Table amounts used; supplements not simulated,Dato sulla RMI 2017.pdf - Cuadro 8 / Cuadro 13,Report mentions supplements; stored amounts are table amounts,ES21,2017,2019,True,2017 parameters carried forward to 2018-2019
Basque Country,Renta de Garantía de Ingresos,2.0,634.97,901.94,size_schedule,True,True,Table amounts used; supplements not simulated,Dato sulla RMI 2017.pdf - Cuadro 8 / Cuadro 13,Report mentions supplements; stored amounts are table amounts,ES21,2017,2017,True,2017 parameters carried forward to 2018-2019
Basque Country,Renta de Garantía de Ingresos,2.0,634.97,901.94,size_schedule,True,True,Table amounts used; supplements not simulated,Dato sulla RMI 2017.pdf - Cuadro 8 / Cuadro 13,Report mentions supplements; stored amounts are table amounts,ES21,2017,2018,True,2017 parameters carried forward to 2018-2019
Basque Country,Renta de Garantía de Ingresos,2.0,634.97,901.94,size_schedule,True,True,Table amounts used; supplements not simulated,Dato sulla RMI 2017.pdf - Cuadro 8 / Cuadro 13,Report mentions supplements; stored amounts are table amounts,ES21,2017,2019,True,2017 parameters carried forward to 2018-2019
Basque Country,Renta de Garantía de Ingresos,3.0,815.36,901.94,size_schedule,True,True,Table amounts used; supplements not simulated,Dato sulla RMI 2017.pdf - Cuadro 8 / Cuadro 13,Report mentions supplements; stored amounts are table amounts,ES21,2017,2017,True,2017 parameters carried forward to 2018-2019
Basque Country,Renta de Garantía de Ingresos,3.0,815.36,901.94,size_schedule,True,True,Table amounts used; supplements not simulated,Dato sulla RMI 2017.pdf - Cuadro 8 / Cuadro 13,Report mentions supplements; stored amounts are table amounts,ES21,2017,2018,True,2017 parameters carried forward to 2018-2019
Basque Country,Renta de Garantía de Ingresos,3.0,815.36,901.94,size_schedule,True,True,Table amounts used; supplements not simulated,Dato sulla RMI 2017.pdf - Cuadro 8 / Cuadro 13,Report mentions supplements; stored amounts are table amounts,ES21,2017,2019,True,2017 parameters carried forward to 2018-2019
Basque Country,Renta de Garantía de Ingresos,4.0,901.94,901.94,size_schedule,True,True,Table amounts used; supplements not simulated,Dato sulla RMI 2017.pdf - Cuadro 8 / Cuadro 13,Report mentions supplements; stored amounts are table amounts,ES21,2017,2017,True,2017 parameters carried forward to 2018-2019
Basque Country,Renta de Garantía de Ingresos,4.0,901.94,901.94,size_schedule,True,True,Table amounts used; supplements not simulated,Dato sulla RMI 2017.pdf - Cuadro 8 / Cuadro 13,Report mentions supplements; stored amounts are table amounts,ES21,2017,2018,True,2017 parameters carried forward to 2018-2019
Basque Country,Renta de Garantía de Ingresos,4.0,901.94,901.94,size_schedule,True,True,Table amounts used; supplements not simulated,Dato sulla RMI 2017.pdf - Cuadro 8 / Cuadro 13,Report mentions supplements; stored amounts are table amounts,ES21,2017,2019,True,2017 parameters carried forward to 2018-2019
La Rioja,Renta de Ciudadanía,1.0,430.27,672.3,size_schedule,True,True,Using RC from late 2017 onward by assumption,Dato sulla RMI 2017.pdf - Cuadro 13 notes,2017 coexistence with IMI/AIS; using RC from 2017 onward,ES23,2017,2017,True,2017 parameters carried forward to 2018-2019
La Rioja,Renta de Ciudadanía,1.0,430.27,672.3,size_schedule,True,True,Using RC from late 2017 onward by assumption,Dato sulla RMI 2017.pdf - Cuadro 13 notes,2017 coexistence with IMI/AIS; using RC from 2017 onward,ES23,2017,2018,True,2017 parameters carried forward to 2018-2019
La Rioja,Renta de Ciudadanía,1.0,430.27,672.3,size_schedule,True,True,Using RC from late 2017 onward by assumption,Dato sulla RMI 2017.pdf - Cuadro 13 notes,2017 coexistence with IMI/AIS; using RC from 2017 onward,ES23,2017,2019,True,2017 parameters carried forward to 2018-2019
La Rioja,Renta de Ciudadanía,2.0,537.84,672.3,size_schedule,True,True,Using RC from late 2017 onward by assumption,Dato sulla RMI 2017.pdf - Cuadro 13 notes,2017 coexistence with IMI/AIS; using RC from 2017 onward,ES23,2017,2017,True,2017 parameters carried forward to 2018-2019
La Rioja,Renta de Ciudadanía,2.0,537.84,672.3,size_schedule,True,True,Using RC from late 2017 onward by assumption,Dato sulla RMI 2017.pdf - Cuadro 13 notes,2017 coexistence with IMI/AIS; using RC from 2017 onward,ES23,2017,2018,True,2017 parameters carried forward to 2018-2019
La Rioja,Renta de Ciudadanía,2.0,537.84,672.3,size_schedule,True,True,Using RC from late 2017 onward by assumption,Dato sulla RMI 2017.pdf - Cuadro 13 notes,2017 coexistence with IMI/AIS; using RC from 2017 onward,ES23,2017,2019,True,2017 parameters carried forward to 2018-2019
La Rioja,Renta de Ciudadanía,3.0,618.52,672.3,size_schedule,True,True,Using RC from late 2017 onward by assumption,Dato sulla RMI 2017.pdf - Cuadro 13 notes,2017 coexistence with IMI/AIS; using RC from 2017 onward,ES23,2017,2017,True,2017 parameters carried forward to 2018-2019
La Rioja,Renta de Ciudadanía,3.0,618.52,672.3,size_schedule,True,True,Using RC from late 2017 onward by assumption,Dato sulla RMI 2017.pdf - Cuadro 13 notes,2017 coexistence with IMI/AIS; using RC from 2017 onward,ES23,2017,2018,True,2017 parameters carried forward to 2018-2019
La Rioja,Renta de Ciudadanía,3.0,618.52,672.3,size_schedule,True,True,Using RC from late 2017 onward by assumption,Dato sulla RMI 2017.pdf - Cuadro 13 notes,2017 coexistence with IMI/AIS; using RC from 2017 onward,ES23,2017,2019,True,2017 parameters carried forward to 2018-2019
La Rioja,Renta de Ciudadanía,4.0,672.3,672.3,size_schedule,True,True,Using RC from late 2017 onward by assumption,Dato sulla RMI 2017.pdf - Cuadro 13 notes,2017 coexistence with IMI/AIS; using RC from 2017 onward,ES23,2017,2017,True,2017 parameters carried forward to 2018-2019
La Rioja,Renta de Ciudadanía,4.0,672.3,672.3,size_schedule,True,True,Using RC from late 2017 onward by assumption,Dato sulla RMI 2017.pdf - Cuadro 13 notes,2017 coexistence with IMI/AIS; using RC from 2017 onward,ES23,2017,2018,True,2017 parameters carried forward to 2018-2019
La Rioja,Renta de Ciudadanía,4.0,672.3,672.3,size_schedule,True,True,Using RC from late 2017 onward by assumption,Dato sulla RMI 2017.pdf - Cuadro 13 notes,2017 coexistence with IMI/AIS; using RC from 2017 onward,ES23,2017,2019,True,2017 parameters carried forward to 2018-2019
Valencia,Renta Garantizada de Ciudadanía,1.0,388.51,623.03,size_schedule,True,True,Partial schedule; cap applies,Dato sulla RMI 2017.pdf - Cuadro 2,Partial schedule; cap applies,ES52,2017,2017,True,2017 parameters carried forward to 2018-2019
Valencia,Renta Garantizada de Ciudadanía,1.0,388.51,623.03,size_schedule,True,True,Partial schedule; cap applies,Dato sulla RMI 2017.pdf - Cuadro 2,Partial schedule; cap applies,ES52,2017,2018,True,2017 parameters carried forward to 2018-2019
Valencia,Renta Garantizada de Ciudadanía,1.0,388.51,623.03,size_schedule,True,True,Partial schedule; cap applies,Dato sulla RMI 2017.pdf - Cuadro 2,Partial schedule; cap applies,ES52,2017,2019,True,2017 parameters carried forward to 2018-2019
Valencia,Renta Garantizada de Ciudadanía,2.0,388.51,623.03,size_schedule,True,True,Partial schedule; cap applies,Dato sulla RMI 2017.pdf - Cuadro 2,Partial schedule; cap applies,ES52,2017,2017,True,2017 parameters carried forward to 2018-2019
Valencia,Renta Garantizada de Ciudadanía,2.0,388.51,623.03,size_schedule,True,True,Partial schedule; cap applies,Dato sulla RMI 2017.pdf - Cuadro 2,Partial schedule; cap applies,ES52,2017,2018,True,2017 parameters carried forward to 2018-2019
Valencia,Renta Garantizada de Ciudadanía,2.0,388.51,623.03,size_schedule,True,True,Partial schedule; cap applies,Dato sulla RMI 2017.pdf - Cuadro 2,Partial schedule; cap applies,ES52,2017,2019,True,2017 parameters carried forward to 2018-2019
Valencia,Renta Garantizada de Ciudadanía,3.0,419.84,623.03,size_schedule,True,True,Partial schedule; cap applies,Dato sulla RMI 2017.pdf - Cuadro 2,Partial schedule; cap applies,ES52,2017,2017,True,2017 parameters carried forward to 2018-2019
Valencia,Renta Garantizada de Ciudadanía,3.0,419.84,623.03,size_schedule,True,True,Partial schedule; cap applies,Dato sulla RMI 2017.pdf - Cuadro 2,Partial schedule; cap applies,ES52,2017,2018,True,2017 parameters carried forward to 2018-2019
Valencia,Renta Garantizada de Ciudadanía,3.0,419.84,623.03,size_schedule,True,True,Partial schedule; cap applies,Dato sulla RMI 2017.pdf - Cuadro 2,Partial schedule; cap applies,ES52,2017,2019,True,2017 parameters carried forward to 2018-2019
Valencia,Renta Garantizada de Ciudadanía,4.0,438.64,623.03,size_schedule,True,True,Partial schedule; cap applies,Dato sulla RMI 2017.pdf - Cuadro 2,Partial schedule; cap applies,ES52,2017,2017,True,2017 parameters carried forward to 2018-2019
Valencia,Renta Garantizada de Ciudadanía,4.0,438.64,623.03,size_schedule,True,True,Partial schedule; cap applies,Dato sulla RMI 2017.pdf - Cuadro 2,Partial schedule; cap applies,ES52,2017,2018,True,2017 parameters carried forward to 2018-2019
Valencia,Renta Garantizada de Ciudadanía,4.0,438.64,623.03,size_schedule,True,True,Partial schedule; cap applies,Dato sulla RMI 2017.pdf - Cuadro 2,Partial schedule; cap applies,ES52,2017,2019,True,2017 parameters carried forward to 2018-2019
Valencia,Renta Garantizada de Ciudadanía,5.0,457.44,623.03,size_schedule,True,True,Partial schedule; cap applies,Dato sulla RMI 2017.pdf - Cuadro 2,Partial schedule; cap applies,ES52,2017,2017,True,2017 parameters carried forward to 2018-2019
Valencia,Renta Garantizada de Ciudadanía,5.0,457.44,623.03,size_schedule,True,True,Partial schedule; cap applies,Dato sulla RMI 2017.pdf - Cuadro 2,Partial schedule; cap applies,ES52,2017,2018,True,2017 parameters carried forward to 2018-2019
Valencia,Renta Garantizada de Ciudadanía,5.0,457.44,623.03,size_schedule,True,True,Partial schedule; cap applies,Dato sulla RMI 2017.pdf - Cuadro 2,Partial schedule; cap applies,ES52,2017,2019,True,2017 parameters carried forward to 2018-2019
Valencia,Renta Garantizada de Ciudadanía,6.0,476.24,623.03,size_schedule,True,True,Partial schedule; cap applies,Dato sulla RMI 2017.pdf - Cuadro 2,Partial schedule; cap applies,ES52,2017,2017,True,2017 parameters carried forward to 2018-2019
Valencia,Renta Garantizada de Ciudadanía,6.0,476.24,623.03,size_schedule,True,True,Partial schedule; cap applies,Dato sulla RMI 2017.pdf - Cuadro 2,Partial schedule; cap applies,ES52,2017,2018,True,2017 parameters carried forward to 2018-2019
Valencia,Renta Garantizada de Ciudadanía,6.0,476.24,623.03,size_schedule,True,True,Partial schedule; cap applies,Dato sulla RMI 2017.pdf - Cuadro 2,Partial schedule; cap applies,ES52,2017,2019,True,2017 parameters carried forward to 2018-2019
Valencia,Renta Garantizada de Ciudadanía,7.0,495.04,623.03,size_schedule,True,True,Partial schedule; cap applies,Dato sulla RMI 2017.pdf - Cuadro 2,Partial schedule; cap applies,ES52,2017,2017,True,2017 parameters carried forward to 2018-2019
Valencia,Renta Garantizada de Ciudadanía,7.0,495.04,623.03,size_schedule,True,True,Partial schedule; cap applies,Dato sulla RMI 2017.pdf - Cuadro 2,Partial schedule; cap applies,ES52,2017,2018,True,2017 parameters carried forward to 2018-2019
Valencia,Renta Garantizada de Ciudadanía,7.0,495.04,623.03,size_schedule,True,True,Partial schedule; cap applies,Dato sulla RMI 2017.pdf - Cuadro 2,Partial schedule; cap applies,ES52,2017,2019,True,2017 parameters carried forward to 2018-2019
Valencia,Renta Garantizada de Ciudadanía,8.0,513.84,623.03,size_schedule,True,True,Partial schedule; cap applies,Dato sulla RMI 2017.pdf - Cuadro 2,Partial schedule; cap applies,ES52,2017,2017,True,2017 parameters carried forward to 2018-2019
Valencia,Renta Garantizada de Ciudadanía,8.0,513.84,623.03,size_schedule,True,True,Partial schedule; cap applies,Dato sulla RMI 2017.pdf - Cuadro 2,Partial schedule; cap applies,ES52,2017,2018,True,2017 parameters carried forward to 2018-2019
Valencia,Renta Garantizada de Ciudadanía,8.0,513.84,623.03,size_schedule,True,True,Partial schedule; cap applies,Dato sulla RMI 2017.pdf - Cuadro 2,Partial schedule; cap applies,ES52,2017,2019,True,2017 parameters carried forward to 2018-2019
