region_name_policy,baseline_age_threshold,baseline_claim_unit,baseline_resource_concept,baseline_wealth_test,baseline_labour_test,baseline_age_rule_type,baseline_allowed_hh_types,baseline_exclude_threeplus_adults,baseline_threeplus_rule,baseline_nonobservable_conditions_ignored,baseline_restricted_design,baseline_restriction_rationale,baseline_conditionality_profile,baseline_apply_active_inclusion_gate,baseline_relax_labour_gate,baseline_non_takeup_group,baseline_scheme_structure,baseline_amount_topup_factor,baseline_main_included,baseline_amount_method,nuts_code,source_year,year,assumption_no_change,assumption_note,program_name,simple_schedule,hh_rule_type,amount_simulable,max_amount,max_hh_size_listed,amount_simulation_notes,source_amount,notes_amount,baseline_has_listed_schedule,baseline_formula_region,baseline_needs_special_handling,labour_gate_profile,labour_gate_profile_note
Andalusia,25,restricted_household_proxy,income_before_transfers_monthly,proxy_asset_exclusion_strict,none,responsible_person_then_household_fallback,single_adult_single_parent_two_adults_plus_restricted_threeplus,False,exclude_if_multi_nucleus_proxy,True,True,Restricted baseline to reduce oversimulation when exact legal claim unit is not observed,strict,True,False,high,classic_rmi,1.0,True,simple_schedule,ES61,2017,2017,True,2017 baseline operational rules carried forward to 2018-2019,Ingreso Mínimo de Solidaridad,True,size_schedule,True,655.2,7,,Dato sulla RMI 2017.pdf - Cuadro 2,,True,False,False,strict,Explicit insertion conditionality; claimant must be registered jobseeker (Informe RMI 2017 Cuadro 3-2)
Andalusia,25,restricted_household_proxy,income_before_transfers_monthly,proxy_asset_exclusion_strict,none,responsible_person_then_household_fallback,single_adult_single_parent_two_adults_plus_restricted_threeplus,False,exclude_if_multi_nucleus_proxy,True,True,Restricted baseline to reduce oversimulation when exact legal claim unit is not observed,strict,True,False,high,classic_rmi,1.0,True,simple_schedule,ES61,2017,2018,True,2017 baseline operational rules carried forward to 2018-2019,Ingreso Mínimo de Solidaridad,True,size_schedule,True,655.2,7,,Dato sulla RMI 2017.pdf - Cuadro 2,,True,False,False,strict,Explicit insertion conditionality; claimant must be registered jobseeker (Informe RMI 2017 Cuadro 3-2)
Andalusia,25,restricted_household_proxy,income_before_transfers_monthly,proxy_asset_exclusion_strict,none,responsible_person_then_household_fallback,single_adult_single_parent_two_adults_plus_restricted_threeplus,False,exclude_if_multi_nucleus_proxy,True,True,Restricted baseline to reduce oversimulation when exact legal claim unit is not observed,strict,True,False,high,classic_rmi,1.0,True,simple_schedule,ES61,2017,2019,True,2017 baseline operational rules carried forward to 2018-2019,Ingreso Mínimo de Solidaridad,True,size_schedule,True,655.2,7,,Dato sulla RMI 2017.pdf - Cuadro 2,,True,False,False,strict,Explicit insertion conditionality; claimant must be registered jobseeker (Informe RMI 2017 Cuadro 3-2)
Aragon,18,restricted_household_proxy,income_before_transfers_monthly,proxy_asset_exclusion_strict,none,responsible_person_then_household_fallback,single_adult_single_parent_two_adults_plus_restricted_threeplus,False,exclude_if_multi_nucleus_proxy,True,True,Restricted baseline to reduce oversimulation when exact legal claim unit is not observed,standard,True,False,none,classic_rmi,1.0,True,simple_schedule,ES24,2017,2017,True,2017 baseline operational rules carried forward to 2018-2019,Ingreso Aragonés de Inserción,True,size_schedule,True,896.8,6,Apply cap at 896.80,Dato sulla RMI 2017.pdf - Cuadro 2,Apply cap at 896.80,True,False,False,standard,Classic RMI; RP must be unemployed or all working-age members nonworking
Aragon,18,restricted_household_proxy,income_before_transfers_monthly,proxy_asset_exclusion_strict,none,responsible_person_then_household_fallback,single_adult_single_parent_two_adults_plus_restricted_threeplus,False,exclude_if_multi_nucleus_proxy,True,True,Restricted baseline to reduce oversimulation when exact legal claim unit is not observed,standard,True,False,none,classic_rmi,1.0,True,simple_schedule,ES24,2017,2018,True,2017 baseline operational rules carried forward to 2018-2019,Ingreso Aragonés de Inserción,True,size_schedule,True,896.8,6,Apply cap at 896.80,Dato sulla RMI 2017.pdf - Cuadro 2,Apply cap at 896.80,True,False,False,standard,Classic RMI; RP must be unemployed or all working-age members nonworking
Aragon,18,restricted_household_proxy,income_before_transfers_monthly,proxy_asset_exclusion_strict,none,responsible_person_then_household_fallback,single_adult_single_parent_two_adults_plus_restricted_threeplus,False,exclude_if_multi_nucleus_proxy,True,True,Restricted baseline to reduce oversimulation when exact legal claim unit is not observed,standard,True,False,none,classic_rmi,1.0,True,simple_schedule,ES24,2017,2019,True,2017 baseline operational rules carried forward to 2018-2019,Ingreso Aragonés de Inserción,True,size_schedule,True,896.8,6,Apply cap at 896.80,Dato sulla RMI 2017.pdf - Cuadro 2,Apply cap at 896.80,True,False,False,standard,Classic RMI; RP must be unemployed or all working-age members nonworking
Asturias,25,restricted_household_proxy,income_before_transfers_monthly,proxy_asset_exclusion_strict,none,responsible_person_then_household_fallback,single_adult_single_parent_two_adults_plus_restricted_threeplus,False,exclude_if_multi_nucleus_proxy,True,True,Restricted baseline to reduce oversimulation when exact legal claim unit is not observed,standard,True,False,none,classic_rmi,1.0,True,simple_schedule,ES12,2017,2017,True,2017 baseline operational rules carried forward to 2018-2019,Salario Social Básico,True,size_schedule,True,730.88,6,Possible extra increase in disability/dependency cases not simulated,Dato sulla RMI 2017.pdf - Cuadro 2,Report also mentions 5% increase in some disability/dependency cases,True,False,False,standard,Classic RMI; RP must be unemployed or all working-age members nonworking
Asturias,25,restricted_household_proxy,income_before_transfers_monthly,proxy_asset_exclusion_strict,none,responsible_person_then_household_fallback,single_adult_single_parent_two_adults_plus_restricted_threeplus,False,exclude_if_multi_nucleus_proxy,True,True,Restricted baseline to reduce oversimulation when exact legal claim unit is not observed,standard,True,False,none,classic_rmi,1.0,True,simple_schedule,ES12,2017,2018,True,2017 baseline operational rules carried forward to 2018-2019,Salario Social Básico,True,size_schedule,True,730.88,6,Possible extra increase in disability/dependency cases not simulated,Dato sulla RMI 2017.pdf - Cuadro 2,Report also mentions 5% increase in some disability/dependency cases,True,False,False,standard,Classic RMI; RP must be unemployed or all working-age members nonworking
Asturias,25,restricted_household_proxy,income_before_transfers_monthly,proxy_asset_exclusion_strict,none,responsible_person_then_household_fallback,single_adult_single_parent_two_adults_plus_restricted_threeplus,False,exclude_if_multi_nucleus_proxy,True,True,Restricted baseline to reduce oversimulation when exact legal claim unit is not observed,standard,True,False,none,classic_rmi,1.0,True,simple_schedule,ES12,2017,2019,True,2017 baseline operational rules carried forward to 2018-2019,Salario Social Básico,True,size_schedule,True,730.88,6,Possible extra increase in disability/dependency cases not simulated,Dato sulla RMI 2017.pdf - Cuadro 2,Report also mentions 5% increase in some disability/dependency cases,True,False,False,standard,Classic RMI; RP must be unemployed or all working-age members nonworking
Balearic Islands,25,restricted_household_proxy,income_before_transfers_monthly,proxy_asset_exclusion_strict,none,responsible_person_then_household_fallback,single_adult_single_parent_two_adults_plus_restricted_threeplus,False,exclude_if_multi_nucleus_proxy,True,True,Restricted baseline to reduce oversimulation when exact legal claim unit is not observed,guaranteed_soft,False,True,none,coexisting_rmi_resoga,1.0,True,simple_schedule,ES53,2017,2017,True,2017 baseline operational rules carried forward to 2018-2019,Renta Social Garantizada,True,size_schedule,True,776.58,7,Using later 2017 RESOGA regime,Dato sulla RMI 2017.pdf - Cuadro 2 / Cuadro 13 notes,2017 coexistence with RMI; using later 2017 guaranteed-income regime by assumption,True,False,False,none,RESOGA guaranteed income regime; no labour status condition
Balearic Islands,25,restricted_household_proxy,income_before_transfers_monthly,proxy_asset_exclusion_strict,none,responsible_person_then_household_fallback,single_adult_single_parent_two_adults_plus_restricted_threeplus,False,exclude_if_multi_nucleus_proxy,True,True,Restricted baseline to reduce oversimulation when exact legal claim unit is not observed,guaranteed_soft,False,True,none,coexisting_rmi_resoga,1.0,True,simple_schedule,ES53,2017,2018,True,2017 baseline operational rules carried forward to 2018-2019,Renta Social Garantizada,True,size_schedule,True,776.58,7,Using later 2017 RESOGA regime,Dato sulla RMI 2017.pdf - Cuadro 2 / Cuadro 13 notes,2017 coexistence with RMI; using later 2017 guaranteed-income regime by assumption,True,False,False,none,RESOGA guaranteed income regime; no labour status condition
Balearic Islands,25,restricted_household_proxy,income_before_transfers_monthly,proxy_asset_exclusion_strict,none,responsible_person_then_household_fallback,single_adult_single_parent_two_adults_plus_restricted_threeplus,False,exclude_if_multi_nucleus_proxy,True,True,Restricted baseline to reduce oversimulation when exact legal claim unit is not observed,guaranteed_soft,False,True,none,coexisting_rmi_resoga,1.0,True,simple_schedule,ES53,2017,2019,True,2017 baseline operational rules carried forward to 2018-2019,Renta Social Garantizada,True,size_schedule,True,776.58,7,Using later 2017 RESOGA regime,Dato sulla RMI 2017.pdf - Cuadro 2 / Cuadro 13 notes,2017 coexistence with RMI; using later 2017 guaranteed-income regime by assumption,True,False,False,none,RESOGA guaranteed income regime; no labour status condition
Canary Islands,25,restricted_household_proxy,income_before_transfers_monthly,proxy_asset_exclusion_strict,none,responsible_person_then_household_fallback,single_adult_single_parent_two_adults_plus_restricted_threeplus,False,exclude_if_multi_nucleus_proxy,True,True,Restricted baseline to reduce oversimulation when exact legal claim unit is not observed,strict,True,False,high,classic_rmi,1.0,True,simple_schedule,ES70,2017,2017,True,2017 baseline operational rules carried forward to 2018-2019,Prestación Canaria de Inserción,True,size_schedule,True,665.13,7,IPREM-based unit-size schedule; 7+ treated as top bracket / cap.,Dato sulla RMI 2017.pdf - Cuadro 2,Unidad convivencial; all employable members must be registered as jobseekers.,True,False,False,strict,All employable members must register as jobseekers per scheme rules (Prestación Canaria de Inserción)
Canary Islands,25,restricted_household_proxy,income_before_transfers_monthly,proxy_asset_exclusion_strict,none,responsible_person_then_household_fallback,single_adult_single_parent_two_adults_plus_restricted_threeplus,False,exclude_if_multi_nucleus_proxy,True,True,Restricted baseline to reduce oversimulation when exact legal claim unit is not observed,strict,True,False,high,classic_rmi,1.0,True,simple_schedule,ES70,2017,2018,True,2017 baseline operational rules carried forward to 2018-2019,Prestación Canaria de Inserción,True,size_schedule,True,665.13,7,IPREM-based unit-size schedule; 7+ treated as top bracket / cap.,Dato sulla RMI 2017.pdf - Cuadro 2,Unidad convivencial; all employable members must be registered as jobseekers.,True,False,False,strict,All employable members must register as jobseekers per scheme rules (Prestación Canaria de Inserción)
Canary Islands,25,restricted_household_proxy,income_before_transfers_monthly,proxy_asset_exclusion_strict,none,responsible_person_then_household_fallback,single_adult_single_parent_two_adults_plus_restricted_threeplus,False,exclude_if_multi_nucleus_proxy,True,True,Restricted baseline to reduce oversimulation when exact legal claim unit is not observed,strict,True,False,high,classic_rmi,1.0,True,simple_schedule,ES70,2017,2019,True,2017 baseline operational rules carried forward to 2018-2019,Prestación Canaria de Inserción,True,size_schedule,True,665.13,7,IPREM-based unit-size schedule; 7+ treated as top bracket / cap.,Dato sulla RMI 2017.pdf - Cuadro 2,Unidad convivencial; all employable members must be registered as jobseekers.,True,False,False,strict,All employable members must register as jobseekers per scheme rules (Prestación Canaria de Inserción)
Cantabria,23,restricted_household_proxy,income_before_transfers_monthly,proxy_asset_exclusion_strict,none,responsible_person_then_household_fallback,single_adult_single_parent_two_adults_plus_restricted_threeplus,False,exclude_if_multi_nucleus_proxy,True,True,Restricted baseline to reduce oversimulation when exact legal claim unit is not observed,standard,True,False,none,classic_rmi,1.0,True,simple_schedule,ES13,2017,2017,True,2017 baseline operational rules carried forward to 2018-2019,Renta Social Básica,True,size_schedule,True,672.3,5,Later 2017 values after update,Dato sulla RMI 2017.pdf - Cuadro 2,Later 2017 values after update,True,False,False,standard,Classic RMI; RP must be unemployed or all working-age members nonworking
Cantabria,23,restricted_household_proxy,income_before_transfers_monthly,proxy_asset_exclusion_strict,none,responsible_person_then_household_fallback,single_adult_single_parent_two_adults_plus_restricted_threeplus,False,exclude_if_multi_nucleus_proxy,True,True,Restricted baseline to reduce oversimulation when exact legal claim unit is not observed,standard,True,False,none,classic_rmi,1.0,True,simple_schedule,ES13,2017,2018,True,2017 baseline operational rules carried forward to 2018-2019,Renta Social Básica,True,size_schedule,True,672.3,5,Later 2017 values after update,Dato sulla RMI 2017.pdf - Cuadro 2,Later 2017 values after update,True,False,False,standard,Classic RMI; RP must be unemployed or all working-age members nonworking
Cantabria,23,restricted_household_proxy,income_before_transfers_monthly,proxy_asset_exclusion_strict,none,responsible_person_then_household_fallback,single_adult_single_parent_two_adults_plus_restricted_threeplus,False,exclude_if_multi_nucleus_proxy,True,True,Restricted baseline to reduce oversimulation when exact legal claim unit is not observed,standard,True,False,none,classic_rmi,1.0,True,simple_schedule,ES13,2017,2019,True,2017 baseline operational rules carried forward to 2018-2019,Renta Social Básica,True,size_schedule,True,672.3,5,Later 2017 values after update,Dato sulla RMI 2017.pdf - Cuadro 2,Later 2017 values after update,True,False,False,standard,Classic RMI; RP must be unemployed or all working-age members nonworking
Castilla-La Mancha,25,restricted_household_proxy,income_before_transfers_monthly,proxy_asset_exclusion_strict,none,responsible_person_then_household_fallback,single_adult_single_parent_two_adults_plus_restricted_threeplus,False,exclude_if_multi_nucleus_proxy,True,True,Restricted baseline to reduce oversimulation when exact legal claim unit is not observed,strict,True,False,high,classic_rmi,1.0,True,simple_schedule,ES42,2017,2017,True,2017 baseline operational rules carried forward to 2018-2019,Ingreso Mínimo de Solidaridad,True,size_schedule,True,723.12,8,Family-size table; 8-member amount explicitly listed.,Dato sulla RMI 2017.pdf - Cuadro 2,Unidad familiar; report does not provide full legal mapping from survey household to benefit unit.,True,False,False,strict,Explicit insertion conditionality; active search registration required (Ingreso Mínimo de Solidaridad CLM)
Castilla-La Mancha,25,restricted_household_proxy,income_before_transfers_monthly,proxy_asset_exclusion_strict,none,responsible_person_then_household_fallback,single_adult_single_parent_two_adults_plus_restricted_threeplus,False,exclude_if_multi_nucleus_proxy,True,True,Restricted baseline to reduce oversimulation when exact legal claim unit is not observed,strict,True,False,high,classic_rmi,1.0,True,simple_schedule,ES42,2017,2018,True,2017 baseline operational rules carried forward to 2018-2019,Ingreso Mínimo de Solidaridad,True,size_schedule,True,723.12,8,Family-size table; 8-member amount explicitly listed.,Dato sulla RMI 2017.pdf - Cuadro 2,Unidad familiar; report does not provide full legal mapping from survey household to benefit unit.,True,False,False,strict,Explicit insertion conditionality; active search registration required (Ingreso Mínimo de Solidaridad CLM)
Castilla-La Mancha,25,restricted_household_proxy,income_before_transfers_monthly,proxy_asset_exclusion_strict,none,responsible_person_then_household_fallback,single_adult_single_parent_two_adults_plus_restricted_threeplus,False,exclude_if_multi_nucleus_proxy,True,True,Restricted baseline to reduce oversimulation when exact legal claim unit is not observed,strict,True,False,high,classic_rmi,1.0,True,simple_schedule,ES42,2017,2019,True,2017 baseline operational rules carried forward to 2018-2019,Ingreso Mínimo de Solidaridad,True,size_schedule,True,723.12,8,Family-size table; 8-member amount explicitly listed.,Dato sulla RMI 2017.pdf - Cuadro 2,Unidad familiar; report does not provide full legal mapping from survey household to benefit unit.,True,False,False,strict,Explicit insertion conditionality; active search registration required (Ingreso Mínimo de Solidaridad CLM)
Castilla y Leon,25,restricted_household_proxy,income_before_transfers_monthly,proxy_asset_exclusion_strict,none,responsible_person_then_household_fallback,single_adult_single_parent_two_adults_plus_restricted_threeplus,False,exclude_if_multi_nucleus_proxy,True,True,Restricted baseline to reduce oversimulation when exact legal claim unit is not observed,soft,False,True,none,guaranteed_income,1.0,True,simple_schedule,ES41,2017,2017,True,2017 baseline operational rules carried forward to 2018-2019,Renta Garantizada de Ciudadanía,True,size_schedule,True,699.19,6,Later 2017 values after update,Dato sulla RMI 2017.pdf - Cuadro 2,Later 2017 values after update,True,False,False,standard,"Soft conditionality (Renta Garantizada de Ciudadanía); unemployed or nonworking, no search registration"
Castilla y Leon,25,restricted_household_proxy,income_before_transfers_monthly,proxy_asset_exclusion_strict,none,responsible_person_then_household_fallback,single_adult_single_parent_two_adults_plus_restricted_threeplus,False,exclude_if_multi_nucleus_proxy,True,True,Restricted baseline to reduce oversimulation when exact legal claim unit is not observed,soft,False,True,none,guaranteed_income,1.0,True,simple_schedule,ES41,2017,2018,True,2017 baseline operational rules carried forward to 2018-2019,Renta Garantizada de Ciudadanía,True,size_schedule,True,699.19,6,Later 2017 values after update,Dato sulla RMI 2017.pdf - Cuadro 2,Later 2017 values after update,True,False,False,standard,"Soft conditionality (Renta Garantizada de Ciudadanía); unemployed or nonworking, no search registration"
Castilla y Leon,25,restricted_household_proxy,income_before_transfers_monthly,proxy_asset_exclusion_strict,none,responsible_person_then_household_fallback,single_adult_single_parent_two_adults_plus_restricted_threeplus,False,exclude_if_multi_nucleus_proxy,True,True,Restricted baseline to reduce oversimulation when exact legal claim unit is not observed,soft,False,True,none,guaranteed_income,1.0,True,simple_schedule,ES41,2017,2019,True,2017 baseline operational rules carried forward to 2018-2019,Renta Garantizada de Ciudadanía,True,size_schedule,True,699.19,6,Later 2017 values after update,Dato sulla RMI 2017.pdf - Cuadro 2,Later 2017 values after update,True,False,False,standard,"Soft conditionality (Renta Garantizada de Ciudadanía); unemployed or nonworking, no search registration"
Catalonia,25,restricted_household_proxy,income_before_transfers_monthly,proxy_asset_exclusion_strict,none,responsible_person_then_household_fallback,single_adult_single_parent_two_adults_plus_restricted_threeplus,False,exclude_if_multi_nucleus_proxy,True,True,Restricted baseline to reduce oversimulation when exact legal claim unit is not observed,standard,True,False,medium,transition_to_rgc,1.0,True,simple_schedule,ES51,2017,2017,True,2017 baseline operational rules carried forward to 2018-2019,Renta Garantizada de Ciudadanía (RGC),True,size_schedule,True,1062.0,5,Using RGC from late 2017 onward by assumption,Dato sulla RMI 2017.pdf - Cuadro 13 notes,During 2017 RMI and RGC coexist; using RGC from 2017 onward,True,False,False,standard,Classic RMI; RP must be unemployed or all working-age members nonworking
Catalonia,25,restricted_household_proxy,income_before_transfers_monthly,proxy_asset_exclusion_strict,none,responsible_person_then_household_fallback,single_adult_single_parent_two_adults_plus_restricted_threeplus,False,exclude_if_multi_nucleus_proxy,True,True,Restricted baseline to reduce oversimulation when exact legal claim unit is not observed,standard,True,False,medium,transition_to_rgc,1.0,True,simple_schedule,ES51,2017,2018,True,2017 baseline operational rules carried forward to 2018-2019,Renta Garantizada de Ciudadanía (RGC),True,size_schedule,True,1062.0,5,Using RGC from late 2017 onward by assumption,Dato sulla RMI 2017.pdf - Cuadro 13 notes,During 2017 RMI and RGC coexist; using RGC from 2017 onward,True,False,False,standard,Classic RMI; RP must be unemployed or all working-age members nonworking
Catalonia,25,restricted_household_proxy,income_before_transfers_monthly,proxy_asset_exclusion_strict,none,responsible_person_then_household_fallback,single_adult_single_parent_two_adults_plus_restricted_threeplus,False,exclude_if_multi_nucleus_proxy,True,True,Restricted baseline to reduce oversimulation when exact legal claim unit is not observed,standard,True,False,medium,transition_to_rgc,1.0,True,simple_schedule,ES51,2017,2019,True,2017 baseline operational rules carried forward to 2018-2019,Renta Garantizada de Ciudadanía (RGC),True,size_schedule,True,1062.0,5,Using RGC from late 2017 onward by assumption,Dato sulla RMI 2017.pdf - Cuadro 13 notes,During 2017 RMI and RGC coexist; using RGC from 2017 onward,True,False,False,standard,Classic RMI; RP must be unemployed or all working-age members nonworking
Ceuta,25,restricted_household_proxy,income_before_transfers_monthly,proxy_asset_exclusion_strict,none,responsible_person_then_household_fallback,single_adult_single_parent_two_adults_plus_restricted_threeplus,False,exclude_if_multi_nucleus_proxy,True,True,Restricted baseline to reduce oversimulation when exact legal claim unit is not observed,standard,True,False,none,classic_rmi,1.0,True,simple_schedule,ES63,2017,2017,True,2017 baseline operational rules carried forward to 2018-2019,Ingreso Mínimo de Inserción Social,True,size_schedule,True,420.0,5,,Dato sulla RMI 2017.pdf - Cuadro 2,,True,False,False,standard,Classic RMI; RP must be unemployed or all working-age members nonworking
Ceuta,25,restricted_household_proxy,income_before_transfers_monthly,proxy_asset_exclusion_strict,none,responsible_person_then_household_fallback,single_adult_single_parent_two_adults_plus_restricted_threeplus,False,exclude_if_multi_nucleus_proxy,True,True,Restricted baseline to reduce oversimulation when exact legal claim unit is not observed,standard,True,False,none,classic_rmi,1.0,True,simple_schedule,ES63,2017,2018,True,2017 baseline operational rules carried forward to 2018-2019,Ingreso Mínimo de Inserción Social,True,size_schedule,True,420.0,5,,Dato sulla RMI 2017.pdf - Cuadro 2,,True,False,False,standard,Classic RMI; RP must be unemployed or all working-age members nonworking
Ceuta,25,restricted_household_proxy,income_before_transfers_monthly,proxy_asset_exclusion_strict,none,responsible_person_then_household_fallback,single_adult_single_parent_two_adults_plus_restricted_threeplus,False,exclude_if_multi_nucleus_proxy,True,True,Restricted baseline to reduce oversimulation when exact legal claim unit is not observed,standard,True,False,none,classic_rmi,1.0,True,simple_schedule,ES63,2017,2019,True,2017 baseline operational rules carried forward to 2018-2019,Ingreso Mínimo de Inserción Social,True,size_schedule,True,420.0,5,,Dato sulla RMI 2017.pdf - Cuadro 2,,True,False,False,standard,Classic RMI; RP must be unemployed or all working-age members nonworking
Extremadura,25,restricted_household_proxy,income_before_transfers_monthly,proxy_asset_exclusion_strict,none,responsible_person_then_household_fallback,single_adult_single_parent_two_adults_plus_restricted_threeplus,False,exclude_if_multi_nucleus_proxy,True,True,Restricted baseline to reduce oversimulation when exact legal claim unit is not observed,standard,True,False,medium,classic_rmi,1.0,True,simple_schedule,ES43,2017,2017,True,2017 baseline operational rules carried forward to 2018-2019,Renta Básica Extremeña de Inserción,True,size_schedule,True,726.08,7,,Dato sulla RMI 2017.pdf - Cuadro 2,,True,False,False,standard,Classic RMI; RP must be unemployed or all working-age members nonworking
Extremadura,25,restricted_household_proxy,income_before_transfers_monthly,proxy_asset_exclusion_strict,none,responsible_person_then_household_fallback,single_adult_single_parent_two_adults_plus_restricted_threeplus,False,exclude_if_multi_nucleus_proxy,True,True,Restricted baseline to reduce oversimulation when exact legal claim unit is not observed,standard,True,False,medium,classic_rmi,1.0,True,simple_schedule,ES43,2017,2018,True,2017 baseline operational rules carried forward to 2018-2019,Renta Básica Extremeña de Inserción,True,size_schedule,True,726.08,7,,Dato sulla RMI 2017.pdf - Cuadro 2,,True,False,False,standard,Classic RMI; RP must be unemployed or all working-age members nonworking
Extremadura,25,restricted_household_proxy,income_before_transfers_monthly,proxy_asset_exclusion_strict,none,responsible_person_then_household_fallback,single_adult_single_parent_two_adults_plus_restricted_threeplus,False,exclude_if_multi_nucleus_proxy,True,True,Restricted baseline to reduce oversimulation when exact legal claim unit is not observed,standard,True,False,medium,classic_rmi,1.0,True,simple_schedule,ES43,2017,2019,True,2017 baseline operational rules carried forward to 2018-2019,Renta Básica Extremeña de Inserción,True,size_schedule,True,726.08,7,,Dato sulla RMI 2017.pdf - Cuadro 2,,True,False,False,standard,Classic RMI; RP must be unemployed or all working-age members nonworking
Galicia,25,restricted_household_proxy,income_before_transfers_monthly,proxy_asset_exclusion_strict,none,responsible_person_then_household_fallback,single_adult_single_parent_two_adults_plus_restricted_threeplus,False,exclude_if_multi_nucleus_proxy,True,True,Restricted baseline to reduce oversimulation when exact legal claim unit is not observed,standard,True,False,medium,classic_rmi,1.0,True,simple_schedule,ES11,2017,2017,True,2017 baseline operational rules carried forward to 2018-2019,Renta de Inclusión Social (RISGA),True,size_schedule,True,726.08,4,Larger household sizes may need cap logic,Dato sulla RMI 2017.pdf - Cuadro 8 / notes,Later 2017 values after update; larger sizes may need cap logic,True,False,False,standard,Classic RMI; RP must be unemployed or all working-age members nonworking
Galicia,25,restricted_household_proxy,income_before_transfers_monthly,proxy_asset_exclusion_strict,none,responsible_person_then_household_fallback,single_adult_single_parent_two_adults_plus_restricted_threeplus,False,exclude_if_multi_nucleus_proxy,True,True,Restricted baseline to reduce oversimulation when exact legal claim unit is not observed,standard,True,False,medium,classic_rmi,1.0,True,simple_schedule,ES11,2017,2018,True,2017 baseline operational rules carried forward to 2018-2019,Renta de Inclusión Social (RISGA),True,size_schedule,True,726.08,4,Larger household sizes may need cap logic,Dato sulla RMI 2017.pdf - Cuadro 8 / notes,Later 2017 values after update; larger sizes may need cap logic,True,False,False,standard,Classic RMI; RP must be unemployed or all working-age members nonworking
Galicia,25,restricted_household_proxy,income_before_transfers_monthly,proxy_asset_exclusion_strict,none,responsible_person_then_household_fallback,single_adult_single_parent_two_adults_plus_restricted_threeplus,False,exclude_if_multi_nucleus_proxy,True,True,Restricted baseline to reduce oversimulation when exact legal claim unit is not observed,standard,True,False,medium,classic_rmi,1.0,True,simple_schedule,ES11,2017,2019,True,2017 baseline operational rules carried forward to 2018-2019,Renta de Inclusión Social (RISGA),True,size_schedule,True,726.08,4,Larger household sizes may need cap logic,Dato sulla RMI 2017.pdf - Cuadro 8 / notes,Later 2017 values after update; larger sizes may need cap logic,True,False,False,standard,Classic RMI; RP must be unemployed or all working-age members nonworking
Madrid,25,restricted_household_proxy,income_before_transfers_monthly,proxy_asset_exclusion_strict,none,responsible_person_then_household_fallback,single_adult_single_parent_two_adults_plus_restricted_threeplus,False,exclude_if_multi_nucleus_proxy,True,True,Restricted baseline to reduce oversimulation when exact legal claim unit is not observed,standard,True,False,none,classic_rmi,1.0,True,simple_schedule,ES30,2017,2017,True,2017 baseline operational rules carried forward to 2018-2019,Renta Mínima de Inserción,True,size_schedule,True,707.7,3,Partial schedule; larger sizes use cap,Dato sulla RMI 2017.pdf - Cuadro 2,Partial schedule; larger sizes use cap,True,False,False,standard,Classic RMI; RP must be unemployed or all working-age members nonworking
Madrid,25,restricted_household_proxy,income_before_transfers_monthly,proxy_asset_exclusion_strict,none,responsible_person_then_household_fallback,single_adult_single_parent_two_adults_plus_restricted_threeplus,False,exclude_if_multi_nucleus_proxy,True,True,Restricted baseline to reduce oversimulation when exact legal claim unit is not observed,standard,True,False,none,classic_rmi,1.0,True,simple_schedule,ES30,2017,2018,True,2017 baseline operational rules carried forward to 2018-2019,Renta Mínima de Inserción,True,size_schedule,True,707.7,3,Partial schedule; larger sizes use cap,Dato sulla RMI 2017.pdf - Cuadro 2,Partial schedule; larger sizes use cap,True,False,False,standard,Classic RMI; RP must be unemployed or all working-age members nonworking
Madrid,25,restricted_household_proxy,income_before_transfers_monthly,proxy_asset_exclusion_strict,none,responsible_person_then_household_fallback,single_adult_single_parent_two_adults_plus_restricted_threeplus,False,exclude_if_multi_nucleus_proxy,True,True,Restricted baseline to reduce oversimulation when exact legal claim unit is not observed,standard,True,False,none,classic_rmi,1.0,True,simple_schedule,ES30,2017,2019,True,2017 baseline operational rules carried forward to 2018-2019,Renta Mínima de Inserción,True,size_schedule,True,707.7,3,Partial schedule; larger sizes use cap,Dato sulla RMI 2017.pdf - Cuadro 2,Partial schedule; larger sizes use cap,True,False,False,standard,Classic RMI; RP must be unemployed or all working-age members nonworking
Melilla,25,restricted_household_proxy,income_before_transfers_monthly,proxy_asset_exclusion_strict,none,responsible_person_then_household_fallback,single_adult_single_parent_two_adults_plus_restricted_threeplus,False,exclude_if_multi_nucleus_proxy,True,True,Restricted baseline to reduce oversimulation when exact legal claim unit is not observed,standard,True,False,none,classic_rmi,1.0,True,simple_schedule,ES64,2017,2017,True,2017 baseline operational rules carried forward to 2018-2019,Ingreso Melillense de Integración / Prestación Básica Familiar,True,size_schedule,True,764.4,5,Combined representation for 2017,Dato sulla RMI 2017.pdf - Cuadro 13 notes,Combined representation for 2017,True,False,False,standard,Classic RMI; RP must be unemployed or all working-age members nonworking
Melilla,25,restricted_household_proxy,income_before_transfers_monthly,proxy_asset_exclusion_strict,none,responsible_person_then_household_fallback,single_adult_single_parent_two_adults_plus_restricted_threeplus,False,exclude_if_multi_nucleus_proxy,True,True,Restricted baseline to reduce oversimulation when exact legal claim unit is not observed,standard,True,False,none,classic_rmi,1.0,True,simple_schedule,ES64,2017,2018,True,2017 baseline operational rules carried forward to 2018-2019,Ingreso Melillense de Integración / Prestación Básica Familiar,True,size_schedule,True,764.4,5,Combined representation for 2017,Dato sulla RMI 2017.pdf - Cuadro 13 notes,Combined representation for 2017,True,False,False,standard,Classic RMI; RP must be unemployed or all working-age members nonworking
Melilla,25,restricted_household_proxy,income_before_transfers_monthly,proxy_asset_exclusion_strict,none,responsible_person_then_household_fallback,single_adult_single_parent_two_adults_plus_restricted_threeplus,False,exclude_if_multi_nucleus_proxy,True,True,Restricted baseline to reduce oversimulation when exact legal claim unit is not observed,standard,True,False,none,classic_rmi,1.0,True,simple_schedule,ES64,2017,2019,True,2017 baseline operational rules carried forward to 2018-2019,Ingreso Melillense de Integración / Prestación Básica Familiar,True,size_schedule,True,764.4,5,Combined representation for 2017,Dato sulla RMI 2017.pdf - Cuadro 13 notes,Combined representation for 2017,True,False,False,standard,Classic RMI; RP must be unemployed or all working-age members nonworking
Murcia,25,restricted_household_proxy,income_before_transfers_monthly,proxy_asset_exclusion_strict,none,responsible_person_then_household_fallback,single_adult_single_parent_two_adults_plus_restricted_threeplus,False,exclude_if_multi_nucleus_proxy,True,True,Restricted baseline to reduce oversimulation when exact legal claim unit is not observed,soft,False,True,none,classic_rmi,1.0,True,simple_schedule,ES62,2017,2017,True,2017 baseline operational rules carried forward to 2018-2019,Renta Básica de Inserción,True,size_schedule,True,806.76,8,Using reported Murcia schedule as operational proxy; 8+ treated as top bracket/cap.,Informe_2018.pdf - Cuadro 2 / informe-rrmm-19.pdf - Cuadro 3-4,Operational proxy for pre-2020 simulation; Murcia treated as listed schedule region instead of excluded formula region.,True,False,False,standard,Soft conditionality (Renta Básica de Inserción); unemployed or nonworking required
Murcia,25,restricted_household_proxy,income_before_transfers_monthly,proxy_asset_exclusion_strict,none,responsible_person_then_household_fallback,single_adult_single_parent_two_adults_plus_restricted_threeplus,False,exclude_if_multi_nucleus_proxy,True,True,Restricted baseline to reduce oversimulation when exact legal claim unit is not observed,soft,False,True,none,classic_rmi,1.0,True,simple_schedule,ES62,2017,2018,True,2017 baseline operational rules carried forward to 2018-2019,Renta Básica de Inserción,True,size_schedule,True,806.76,8,Using reported Murcia schedule as operational proxy; 8+ treated as top bracket/cap.,Informe_2018.pdf - Cuadro 2 / informe-rrmm-19.pdf - Cuadro 3-4,Operational proxy for pre-2020 simulation; Murcia treated as listed schedule region instead of excluded formula region.,True,False,False,standard,Soft conditionality (Renta Básica de Inserción); unemployed or nonworking required
Murcia,25,restricted_household_proxy,income_before_transfers_monthly,proxy_asset_exclusion_strict,none,responsible_person_then_household_fallback,single_adult_single_parent_two_adults_plus_restricted_threeplus,False,exclude_if_multi_nucleus_proxy,True,True,Restricted baseline to reduce oversimulation when exact legal claim unit is not observed,soft,False,True,none,classic_rmi,1.0,True,simple_schedule,ES62,2017,2019,True,2017 baseline operational rules carried forward to 2018-2019,Renta Básica de Inserción,True,size_schedule,True,806.76,8,Using reported Murcia schedule as operational proxy; 8+ treated as top bracket/cap.,Informe_2018.pdf - Cuadro 2 / informe-rrmm-19.pdf - Cuadro 3-4,Operational proxy for pre-2020 simulation; Murcia treated as listed schedule region instead of excluded formula region.,True,False,False,standard,Soft conditionality (Renta Básica de Inserción); unemployed or nonworking required
Navarra,18,restricted_household_proxy,income_before_transfers_monthly,proxy_asset_exclusion_strict,none,responsible_person_then_household_fallback,all_household_types,False,allow_all,True,True,Restricted baseline to reduce oversimulation when exact legal claim unit is not observed,guaranteed_soft,False,True,none,guaranteed_income,1.0,True,simple_schedule,ES22,2017,2017,True,2017 baseline operational rules carried forward to 2018-2019,Renta Garantizada,True,size_schedule,True,1200.0,7,,Dato sulla RMI 2017.pdf - Cuadro 2,,True,False,False,none,Guaranteed income scheme (Renta Garantizada); no labour status condition
Navarra,18,restricted_household_proxy,income_before_transfers_monthly,proxy_asset_exclusion_strict,none,responsible_person_then_household_fallback,all_household_types,False,allow_all,True,True,Restricted baseline to reduce oversimulation when exact legal claim unit is not observed,guaranteed_soft,False,True,none,guaranteed_income,1.0,True,simple_schedule,ES22,2017,2018,True,2017 baseline operational rules carried forward to 2018-2019,Renta Garantizada,True,size_schedule,True,1200.0,7,,Dato sulla RMI 2017.pdf - Cuadro 2,,True,False,False,none,Guaranteed income scheme (Renta Garantizada); no labour status condition
Navarra,18,restricted_household_proxy,income_before_transfers_monthly,proxy_asset_exclusion_strict,none,responsible_person_then_household_fallback,all_household_types,False,allow_all,True,True,Restricted baseline to reduce oversimulation when exact legal claim unit is not observed,guaranteed_soft,False,True,none,guaranteed_income,1.0,True,simple_schedule,ES22,2017,2019,True,2017 baseline operational rules carried forward to 2018-2019,Renta Garantizada,True,size_schedule,True,1200.0,7,,Dato sulla RMI 2017.pdf - Cuadro 2,,True,False,False,none,Guaranteed income scheme (Renta Garantizada); no labour status condition
Basque Country,23,restricted_household_proxy,income_before_transfers_monthly,proxy_asset_exclusion_strict,none,responsible_person_then_household_fallback,all_household_types,False,allow_all,True,True,Restricted baseline to reduce oversimulation when exact legal claim unit is not observed,guaranteed_soft,False,True,none,guaranteed_income_plus_supplements,1.15,True,simple_schedule,ES21,2017,2017,True,2017 baseline operational rules carried forward to 2018-2019,Renta de Garantía de Ingresos,True,size_schedule,True,901.94,4,Table amounts used; supplements not simulated,Dato sulla RMI 2017.pdf - Cuadro 8 / Cuadro 13,Report mentions supplements; stored amounts are table amounts,True,False,False,none,Guaranteed income scheme (RGI); no labour status condition
Basque Country,23,restricted_household_proxy,income_before_transfers_monthly,proxy_asset_exclusion_strict,none,responsible_person_then_household_fallback,all_household_types,False,allow_all,True,True,Restricted baseline to reduce oversimulation when exact legal claim unit is not observed,guaranteed_soft,False,True,none,guaranteed_income_plus_supplements,1.15,True,simple_schedule,ES21,2017,2018,True,2017 baseline operational rules carried forward to 2018-2019,Renta de Garantía de Ingresos,True,size_schedule,True,901.94,4,Table amounts used; supplements not simulated,Dato sulla RMI 2017.pdf - Cuadro 8 / Cuadro 13,Report mentions supplements; stored amounts are table amounts,True,False,False,none,Guaranteed income scheme (RGI); no labour status condition
Basque Country,23,restricted_household_proxy,income_before_transfers_monthly,proxy_asset_exclusion_strict,none,responsible_person_then_household_fallback,all_household_types,False,allow_all,True,True,Restricted baseline to reduce oversimulation when exact legal claim unit is not observed,guaranteed_soft,False,True,none,guaranteed_income_plus_supplements,1.15,True,simple_schedule,ES21,2017,2019,True,2017 baseline operational rules carried forward to 2018-2019,Renta de Garantía de Ingresos,True,size_schedule,True,901.94,4,Table amounts used; supplements not simulated,Dato sulla RMI 2017.pdf - Cuadro 8 / Cuadro 13,Report mentions supplements; stored amounts are table amounts,True,False,False,none,Guaranteed income scheme (RGI); no labour status condition
La Rioja,23,restricted_household_proxy,income_before_transfers_monthly,proxy_asset_exclusion_strict,none,responsible_person_then_household_fallback,single_adult_single_parent_two_adults_plus_restricted_threeplus,False,exclude_if_multi_nucleus_proxy,True,True,Restricted baseline to reduce oversimulation when exact legal claim unit is not observed,mixed,False,False,none,mixed_schemes,1.0,True,simple_schedule,ES23,2017,2017,True,2017 baseline operational rules carried forward to 2018-2019,Renta de Ciudadanía,True,size_schedule,True,672.3,4,Using RC from late 2017 onward by assumption,Dato sulla RMI 2017.pdf - Cuadro 13 notes,2017 coexistence with IMI/AIS; using RC from 2017 onward,True,False,False,standard,RC standard conditionality; unemployed or nonworking required
La Rioja,23,restricted_household_proxy,income_before_transfers_monthly,proxy_asset_exclusion_strict,none,responsible_person_then_household_fallback,single_adult_single_parent_two_adults_plus_restricted_threeplus,False,exclude_if_multi_nucleus_proxy,True,True,Restricted baseline to reduce oversimulation when exact legal claim unit is not observed,mixed,False,False,none,mixed_schemes,1.0,True,simple_schedule,ES23,2017,2018,True,2017 baseline operational rules carried forward to 2018-2019,Renta de Ciudadanía,True,size_schedule,True,672.3,4,Using RC from late 2017 onward by assumption,Dato sulla RMI 2017.pdf - Cuadro 13 notes,2017 coexistence with IMI/AIS; using RC from 2017 onward,True,False,False,standard,RC standard conditionality; unemployed or nonworking required
La Rioja,23,restricted_household_proxy,income_before_transfers_monthly,proxy_asset_exclusion_strict,none,responsible_person_then_household_fallback,single_adult_single_parent_two_adults_plus_restricted_threeplus,False,exclude_if_multi_nucleus_proxy,True,True,Restricted baseline to reduce oversimulation when exact legal claim unit is not observed,mixed,False,False,none,mixed_schemes,1.0,True,simple_schedule,ES23,2017,2019,True,2017 baseline operational rules carried forward to 2018-2019,Renta de Ciudadanía,True,size_schedule,True,672.3,4,Using RC from late 2017 onward by assumption,Dato sulla RMI 2017.pdf - Cuadro 13 notes,2017 coexistence with IMI/AIS; using RC from 2017 onward,True,False,False,standard,RC standard conditionality; unemployed or nonworking required
Valencia,23,restricted_household_proxy,income_before_transfers_monthly,proxy_asset_exclusion_strict,none,responsible_person_then_household_fallback,single_adult_single_parent_two_adults_plus_restricted_threeplus,False,exclude_if_multi_nucleus_proxy,True,True,Restricted baseline to reduce oversimulation when exact legal claim unit is not observed,standard,True,False,medium,classic_rmi,1.0,True,simple_schedule,ES52,2017,2017,True,2017 baseline operational rules carried forward to 2018-2019,Renta Garantizada de Ciudadanía,True,size_schedule,True,623.03,8,Partial schedule; cap applies,Dato sulla RMI 2017.pdf - Cuadro 2,Partial schedule; cap applies,True,False,False,standard,Classic RMI; RP must be unemployed or all working-age members nonworking
Valencia,23,restricted_household_proxy,income_before_transfers_monthly,proxy_asset_exclusion_strict,none,responsible_person_then_household_fallback,single_adult_single_parent_two_adults_plus_restricted_threeplus,False,exclude_if_multi_nucleus_proxy,True,True,Restricted baseline to reduce oversimulation when exact legal claim unit is not observed,standard,True,False,medium,classic_rmi,1.0,True,simple_schedule,ES52,2017,2018,True,2017 baseline operational rules carried forward to 2018-2019,Renta Garantizada de Ciudadanía,True,size_schedule,True,623.03,8,Partial schedule; cap applies,Dato sulla RMI 2017.pdf - Cuadro 2,Partial schedule; cap applies,True,False,False,standard,Classic RMI; RP must be unemployed or all working-age members nonworking
Valencia,23,restricted_household_proxy,income_before_transfers_monthly,proxy_asset_exclusion_strict,none,responsible_person_then_household_fallback,single_adult_single_parent_two_adults_plus_restricted_threeplus,False,exclude_if_multi_nucleus_proxy,True,True,Restricted baseline to reduce oversimulation when exact legal claim unit is not observed,standard,True,False,medium,classic_rmi,1.0,True,simple_schedule,ES52,2017,2019,True,2017 baseline operational rules carried forward to 2018-2019,Renta Garantizada de Ciudadanía,True,size_schedule,True,623.03,8,Partial schedule; cap applies,Dato sulla RMI 2017.pdf - Cuadro 2,Partial schedule; cap applies,True,False,False,standard,Classic RMI; RP must be unemployed or all working-age members nonworking
